evento_id,estudiante_id,sesion_num,tipo_asistencia,timestamp,literal
7e75a2de-a371-431e-8cca-b4d26e704e28,1,1,EN VIVO,2024-02-03T23:24:14.999500,
d4623b32-bfdf-4aee-b80a-3a0aeee3eb80,1,2,EN VIVO,2024-02-14T10:37:48.383075,
ddeb915f-eb07-44f9-bf65-1dfbb5a44653,1,3,EN VIVO,2024-02-21T19:57:42.919035,
92b74a34-b92c-4696-abf5-e5493d826655,1,4,GRABACIÓN,2024-03-01T11:05:41.860257,
e5c04633-a01b-4d16-a4e2-a64400def875,1,5,EN VIVO,2024-03-10T01:15:38.691860,
1e522b73-dda7-48c0-a756-c28cdc5075c2,1,6,SIN ASISTENCIA,2024-03-15T10:09:35.308654,
a36d6f4d-996e-4efa-8481-4a794db4120d,1,7,SIN ASISTENCIA,2024-03-23T14:45:32.341108,
bb3eb389-e3f0-47fa-8a13-daeb4538b8e0,1,8,EN VIVO,2024-04-01T23:44:40.893273,
210cb53e-bc90-4cc9-ad40-5a7eb512c3b3,2,1,GRABACIÓN,2024-02-06T06:25:46.186264,
2a147ae8-64fa-4f5b-bdba-88c29df4af09,2,2,GRABACIÓN,2024-02-14T11:02:09.148589,
790c4ac0-2564-42ac-be9f-027c1f2ce71f,2,3,GRABACIÓN,2024-02-20T09:09:55.198481,
28901db8-19a2-483b-b181-fa6c58aa5920,2,4,SIN ASISTENCIA,2024-03-01T15:45:12.414900,
49e85fa7-650f-4426-90ad-a46eace86d8e,2,5,SIN ASISTENCIA,2024-03-08T15:41:53.722551,
ed5941c3-869a-4da1-8f22-42dca68f9015,2,6,SIN ASISTENCIA,2024-03-16T21:45:35.990191,
54670bdd-51f0-4f5f-8a09-65756270ea6b,2,7,SIN ASISTENCIA,2024-03-22T19:54:52.058100,
79870dd3-2e45-4058-a5d3-a0a0ec06b646,2,8,SIN ASISTENCIA,2024-04-01T03:01:43.003484,
999b0a4d-153e-4df3-b63a-8d5d90771271,3,1,EN VIVO,2024-02-04T07:42:19.387774,
1f2a46ab-e0b3-4edc-b1c6-a0617e87b9e5,3,2,SIN ASISTENCIA,2024-02-14T01:49:21.685699,
2618bdf3-3841-4a17-8dd4-e41aee2e2090,3,3,EN VIVO,2024-02-21T19:31:09.074770,
98cbd7c7-6deb-422e-9597-8358c9aad80b,3,4,GRABACIÓN,2024-02-28T13:05:34.442945,
36b2e892-fce0-418c-897f-853450e61603,3,5,GRABACIÓN,2024-03-06T21:34:11.144382,
93e3e92f-6f71-4fe2-ad7e-fca2c1e9808a,3,6,EN VIVO,2024-03-14T10:56:08.160471,
ef544815-cc4e-4e6c-871d-3942d277a711,3,7,EN VIVO,2024-03-23T21:34:56.971611,
d9cc3717-584f-4ed9-98e1-4ae915ae449e,3,8,SIN ASISTENCIA,2024-03-30T20:04:38.263130,
52f61faa-1703-48b6-9428-efb9e2b60442,4,1,EN VIVO,2024-02-03T15:13:54.773595,
8c37cfc4-4a18-4b00-9cf0-27d39582e66f,4,2,GRABACIÓN,2024-02-11T23:43:36.511652,
6a8452d3-8107-4e4d-9352-8c5f0d9920fd,4,3,GRABACIÓN,2024-02-20T09:19:44.579121,
a1fef143-22f8-4b2b-bf23-756078b020b3,4,4,GRABACIÓN,2024-03-01T01:57:09.754727,
ed4c9ffa-2b58-4c26-a14c-515cdd29418c,4,5,SIN ASISTENCIA,2024-03-09T17:13:55.801309,
8e5a9903-d7ea-4862-b29f-2334aefc6a4b,4,6,SIN ASISTENCIA,2024-03-17T10:58:53.099263,
ac464f17-31a6-45f0-ab1d-6edb5b8f84de,4,7,EN VIVO,2024-03-22T00:49:15.623881,
476e0c4d-2a5c-42be-9227-24ed46f9638c,4,8,SIN ASISTENCIA,2024-04-01T23:05:16.745818,
f8fded33-26d7-41c3-96b6-a7967c698070,5,1,GRABACIÓN,2024-02-07T09:55:58.094500,
4bc66104-215c-40ae-9781-431bf48599b4,5,2,EN VIVO,2024-02-14T07:49:22.145722,
8baeb77a-bf0b-470b-b050-32abc2254348,5,3,EN VIVO,2024-02-20T04:38:06.346495,
35451ca0-98f4-441c-9d67-9076adbbe312,5,4,SIN ASISTENCIA,2024-02-29T17:42:52.873175,
f1f5ed0c-ea9e-47f1-998a-4bf56a291797,5,5,EN VIVO,2024-03-10T06:13:27.490662,
4c6a57cb-424b-43c1-b8a2-a5fcddde7684,5,6,SIN ASISTENCIA,2024-03-16T11:26:26.752851,
a93e29ee-3709-44e8-9235-f7f0794c19d5,5,7,EN VIVO,2024-03-23T07:04:32.928875,
5c2b91e8-ae13-4576-9efa-8585e64d32fe,5,8,EN VIVO,2024-03-31T21:03:42.929883,
10d8cef1-668c-4a63-9901-a3de4c4ae732,6,1,GRABACIÓN,2024-02-03T19:46:55.787554,
f6926f57-eb00-4ded-9748-eaf64d2e9a10,6,2,SIN ASISTENCIA,2024-02-12T19:52:22.067793,
1651b853-ce60-40d4-b514-ff784e11a7ad,6,3,EN VIVO,2024-02-21T15:25:38.314812,
94aa196b-06df-41a3-906c-3020b2ea5183,6,4,GRABACIÓN,2024-02-28T18:47:39.759994,
a191a4e0-7317-4e4d-ac57-7006391db037,6,5,SIN ASISTENCIA,2024-03-07T17:08:44.800777,
15c8fcb7-7411-4218-8564-2eb9fe63ce52,6,6,EN VIVO,2024-03-17T13:40:04.090539,
d53796fa-1aa2-4487-baf3-43866ac684bf,6,7,SIN ASISTENCIA,2024-03-22T12:55:49.904142,
1539b40b-7ab5-4443-9b08-2981119ab3c7,6,8,SIN ASISTENCIA,2024-04-01T11:57:38.508905,
17b21de0-c3fe-45ff-a5d3-eef653fa33e5,7,1,GRABACIÓN,2024-02-07T00:22:15.475210,
495f1019-1265-41b7-a60b-97fdf932be7f,7,2,SIN ASISTENCIA,2024-02-14T23:44:43.444120,
d65f0bc6-1fa7-499b-8d05-5f23865d9b5d,7,3,SIN ASISTENCIA,2024-02-22T21:08:00.551409,
ac6114e9-e915-478e-9d50-f7016cbdeb74,7,4,GRABACIÓN,2024-02-29T03:55:52.629153,
179e9a61-e302-4560-8cb9-4f764d030b70,7,5,SIN ASISTENCIA,2024-03-08T21:13:43.794665,
97096cbc-76d5-4155-8a69-78cf6bb77fa4,7,6,EN VIVO,2024-03-17T08:08:18.895978,
f8a9f50a-7a72-4b5d-b3bb-703176398704,7,7,SIN ASISTENCIA,2024-03-23T16:07:28.977692,
4114327c-8874-4650-9458-a2390faf3a8d,7,8,SIN ASISTENCIA,2024-04-02T18:15:38.870676,
286a895a-9b1f-4f34-ae16-1b1e6ad54c40,8,1,EN VIVO,2024-02-04T15:26:57.819901,
5409ab1c-4392-47af-91b0-3f4edbbdf1b1,8,2,EN VIVO,2024-02-11T23:50:34.818859,
6bcd62b6-8075-47b9-80e2-0d36abae89b8,8,3,EN VIVO,2024-02-20T00:48:31.387854,
102a1c69-3902-495e-8f0c-5d7f69439e5c,8,4,SIN ASISTENCIA,2024-02-28T10:08:02.563669,
8b1e10ab-e67e-4176-a526-7cc70568940a,8,5,SIN ASISTENCIA,2024-03-07T06:24:59.995105,
3929cc9e-cb46-4ae9-928b-0dc0f952987f,8,6,SIN ASISTENCIA,2024-03-14T01:56:00.432273,
ab04cffa-d825-4da6-ad77-45471deb9aa7,8,7,SIN ASISTENCIA,2024-03-23T09:47:28.303245,
28e7b5a9-5eab-4de0-8712-b1f8cb525b48,8,8,SIN ASISTENCIA,2024-04-01T05:03:46.384185,
aa0b1c13-d8c9-4397-888e-a1e15193e392,9,1,GRABACIÓN,2024-02-03T23:41:35.235805,
8e930486-b2ff-4566-89ff-9363cd12dc2f,9,2,GRABACIÓN,2024-02-14T22:28:16.197891,
f52e7115-352b-4f39-b1a0-3a7a34463280,9,3,GRABACIÓN,2024-02-20T04:04:47.362450,
d4aff7c9-702d-41bc-9827-db1c52235da5,9,4,GRABACIÓN,2024-03-01T04:38:26.157359,
2e8866c8-a740-4db0-8dfa-c68456b25c47,9,5,GRABACIÓN,2024-03-07T18:22:25.961067,
65fa5aec-b3f4-4664-b679-52906c3c3399,9,6,EN VIVO,2024-03-14T22:39:03.920098,
b4d2887f-0bea-4025-8983-7a4a509f9565,9,7,EN VIVO,2024-03-24T23:46:21.387874,
cd8b5460-807f-41d8-a863-41a8509a941e,9,8,EN VIVO,2024-03-30T15:25:39.625917,
79514c73-c4bb-457e-b2ea-59fd230d7d11,10,1,GRABACIÓN,2024-02-06T14:09:27.666936,
e1fa3105-5f8c-4bed-a60f-62e61eedddcb,10,2,EN VIVO,2024-02-11T16:01:25.835529,
8c699432-ea5f-44aa-9ee0-122f9949e978,10,3,EN VIVO,2024-02-23T07:48:07.393175,
e5c974a8-ef28-4b36-ac77-79aab1133de5,10,4,GRABACIÓN,2024-02-28T16:09:31.456803,
4ce6b652-f87e-45d6-af2b-2bde57176627,10,5,EN VIVO,2024-03-08T10:16:15.975371,
b0b7f85d-3c6f-4024-831a-c3acb901a2b3,10,6,EN VIVO,2024-03-14T14:52:58.144161,
28c33342-c955-42ab-9e9c-f90d924bff5a,10,7,SIN ASISTENCIA,2024-03-24T10:50:03.256216,
fe8232c3-7ca4-41f6-994b-5f8e00a94462,10,8,SIN ASISTENCIA,2024-03-30T07:39:02.523146,
2ae58f7d-8d8e-4dcc-988c-d9e2563fb685,11,1,EN VIVO,2024-02-04T01:56:18.541762,
397fa9a1-ad80-4ab5-b4bb-4fcce23bb3a8,11,2,GRABACIÓN,2024-02-12T21:08:18.947537,
c65531ed-d496-42a8-9a32-20b0a1614186,11,3,GRABACIÓN,2024-02-23T02:58:01.556941,
ea022666-d4e7-4443-9f45-6d3cb26f5182,11,4,SIN ASISTENCIA,2024-02-27T23:42:21.462634,
2832e3a7-05df-4deb-b00c-047204eca1cf,11,5,SIN ASISTENCIA,2024-03-08T19:41:54.048155,
8c5da827-4b9f-4256-b3dd-29750cebac6f,11,6,SIN ASISTENCIA,2024-03-15T09:34:11.217343,
dcc832fc-dfd4-4930-b293-d2c6b46195e7,11,7,EN VIVO,2024-03-25T17:47:09.712567,
a6921cf3-f75a-47b7-9497-9b4892f9cc5e,11,8,SIN ASISTENCIA,2024-04-02T06:05:48.854109,
67dddd78-abde-4541-848f-47e0cecfea0a,12,1,EN VIVO,2024-02-03T23:39:05.557928,
855c9934-b6cf-4904-be13-0f5439ea8885,12,2,EN VIVO,2024-02-12T16:20:24.591962,
f1780e58-3777-4573-897e-bbc39b28e7a6,12,3,EN VIVO,2024-02-22T11:27:45.568227,
b2814599-eaf9-41a4-a282-b9d253bde5ef,12,4,SIN ASISTENCIA,2024-02-29T19:41:01.051768,
90c28dd8-489f-4272-aaa0-6954f1fd36de,12,5,SIN ASISTENCIA,2024-03-08T04:29:45.141776,
3a76b08d-54b3-43bf-a9d7-0aee12b78a6c,12,6,SIN ASISTENCIA,2024-03-17T08:52:36.668087,
279a9d3f-dcb3-4539-914e-53b833cab525,12,7,SIN ASISTENCIA,2024-03-23T17:49:16.012401,
7bb51b85-8a97-48b3-ac15-302756b6d3da,12,8,SIN ASISTENCIA,2024-04-02T00:03:13.593038,
ffb2b253-9bf9-4cce-aab4-f6e39307de7f,13,1,EN VIVO,2024-02-07T00:44:56.001753,
b8db8c67-fa18-44e1-87e0-f1c41189bfcd,13,2,SIN ASISTENCIA,2024-02-12T11:23:22.341129,
ee3dd0bf-61f2-41c0-836d-edc0138d6e32,13,3,EN VIVO,2024-02-23T05:51:59.335269,
abec3519-fba3-4fbc-99b8-a48c44c9bc6c,13,4,EN VIVO,2024-03-02T02:17:25.235892,
dfdfc0f1-e2e7-4ba8-92b5-0a9a2a10ae8f,13,5,SIN ASISTENCIA,2024-03-08T17:38:16.055172,
fe0f0680-909c-4985-b60d-de01c7c8d03e,13,6,SIN ASISTENCIA,2024-03-17T11:27:40.283672,
3dff1f73-4f82-4da3-a4ff-6163407db748,13,7,EN VIVO,2024-03-22T08:40:13.836919,
f2bd26ba-68c0-4b89-8e90-67b37f106644,13,8,SIN ASISTENCIA,2024-03-30T11:28:02.642367,
6f7d0674-22ec-48e5-9550-a07072de1823,14,1,EN VIVO,2024-02-03T15:02:21.724400,
57d6ef44-ae5e-486d-a46a-c374aa16f323,14,2,GRABACIÓN,2024-02-13T17:19:08.165890,
54a09a6d-3de6-4418-b337-9e2bc8300665,14,3,SIN ASISTENCIA,2024-02-21T09:43:17.706638,
84cbc21e-9b27-49fe-b980-6eafdecbebb2,14,4,EN VIVO,2024-03-02T03:58:38.356683,
8f9fa5f6-b333-4054-8a78-8919e1d38d5c,14,5,SIN ASISTENCIA,2024-03-06T14:51:19.498359,
edb0225b-463b-4d9c-b852-b93e3cd42cbf,14,6,SIN ASISTENCIA,2024-03-14T21:49:53.270381,
f5da1880-30fd-4370-a786-62534aec37ca,14,7,SIN ASISTENCIA,2024-03-24T08:35:58.820757,
0173db99-4922-47e7-990c-b3a8037c686a,14,8,SIN ASISTENCIA,2024-03-31T18:50:56.411337,
92ce661d-bf2d-4194-9b20-ab239f3eadce,15,1,EN VIVO,2024-02-05T22:51:42.340325,
70815f1f-5b4c-4ff7-8407-a2f7c9d598c8,15,2,EN VIVO,2024-02-13T20:37:20.633345,
0e6fc8ca-037a-4dfd-a1b9-26407b3233ad,15,3,GRABACIÓN,2024-02-21T14:53:19.119415,
54bf74b8-7497-4abe-91ba-09850d454632,15,4,SIN ASISTENCIA,2024-02-27T09:42:05.011198,
e13749de-0d24-4207-aad2-ed70fd71f589,15,5,SIN ASISTENCIA,2024-03-06T04:31:31.013714,
cd3baebe-e214-4a19-b335-41b94757eb86,15,6,EN VIVO,2024-03-14T22:56:03.030595,
07b8346e-f7f6-4e78-b14d-c7fc7e95a243,15,7,SIN ASISTENCIA,2024-03-25T23:33:45.918156,
883a011d-6782-4170-bf5d-8f32616f6974,15,8,EN VIVO,2024-04-01T19:47:07.245963,
dc11b0cc-94ce-4651-a232-3743b90d5c4b,16,1,GRABACIÓN,2024-02-06T04:25:05.119278,
d1017577-91cf-4c88-86f9-33a65481ca28,16,2,GRABACIÓN,2024-02-13T13:04:48.207115,
b5bdf386-2535-4541-98c9-4bb21df66cfb,16,3,GRABACIÓN,2024-02-20T18:46:25.295589,
f245a17d-3351-4013-b41f-9bb8c803e46d,16,4,EN VIVO,2024-03-01T16:11:07.530690,
e748b4e7-f65f-41e5-b96f-8811c2fabf92,16,5,SIN ASISTENCIA,2024-03-09T06:13:04.923404,
0c6f86e9-0556-4e89-a495-a50850de11ee,16,6,GRABACIÓN,2024-03-14T07:49:42.707648,
e465788e-7eda-4109-a99f-251b45222d89,16,7,SIN ASISTENCIA,2024-03-24T02:26:51.693540,
83ab40c8-92a4-426b-a170-862917dcc35b,16,8,GRABACIÓN,2024-04-01T06:20:19.477488,
ba83f074-fcc3-49b2-9dbc-479a114d02fc,17,1,EN VIVO,2024-02-07T01:03:39.268602,
85559489-7f05-441e-8e11-6f32c4e115db,17,2,EN VIVO,2024-02-13T13:58:43.767065,
a997a48f-fc6a-4318-98f5-9858b565859b,17,3,SIN ASISTENCIA,2024-02-21T00:55:04.384606,
1dee7445-df9c-4f00-9d61-c033ec2823ed,17,4,SIN ASISTENCIA,2024-02-27T18:00:41.226916,
f07c8eea-8f6c-4385-add4-ca0e320a2c29,17,5,SIN ASISTENCIA,2024-03-09T23:12:35.435457,
d896491e-d123-44ec-ab2e-0df62beade38,17,6,SIN ASISTENCIA,2024-03-16T01:51:42.204918,
f1175306-53bb-4718-bf6a-d5c79266698a,17,7,SIN ASISTENCIA,2024-03-24T19:06:22.181387,
eb8ffd8d-ebb1-434d-a9da-508d880367a7,17,8,SIN ASISTENCIA,2024-04-01T20:36:32.351391,
668405da-6e13-4c8b-9dcd-0058b2c1a653,18,1,EN VIVO,2024-02-03T21:37:46.679477,
049be3fb-0dca-4eec-96cb-7eb0cfac946e,18,2,SIN ASISTENCIA,2024-02-15T04:18:40.568128,
7a0511d3-09b6-4d00-9b40-6b2f8f73e750,18,3,EN VIVO,2024-02-20T17:43:25.285642,
ee597cd1-d31c-445e-9e08-aa108addbbfa,18,4,GRABACIÓN,2024-02-29T02:48:57.206871,
3a9a9eea-e579-4809-a267-941d8931d7c1,18,5,EN VIVO,2024-03-08T02:31:46.600315,
3d4cf3f7-87dc-4ec9-bf17-d8dc7e25bffe,18,6,EN VIVO,2024-03-16T11:41:57.934828,
5ca5e976-88d1-4974-8957-7621e7ea3776,18,7,SIN ASISTENCIA,2024-03-23T11:08:27.982131,
4be15566-6c03-46e0-a244-c7fb44423b24,18,8,SIN ASISTENCIA,2024-03-30T06:23:58.434213,
64322a35-20dd-4010-9e2a-7ff84fdebd3b,19,1,GRABACIÓN,2024-02-03T23:17:03.160989,
b4523bee-b189-483d-89d8-79e6f88d34fc,19,2,GRABACIÓN,2024-02-12T01:02:01.354934,
c284b329-ced5-4001-b971-ede36ffb22c4,19,3,EN VIVO,2024-02-22T00:22:39.275759,
f7f41f23-486c-4d66-8182-2ff3271b1507,19,4,SIN ASISTENCIA,2024-02-28T17:38:11.213495,
e785b910-b233-473b-a0f5-2b841c4c023b,19,5,EN VIVO,2024-03-09T08:19:44.933895,
ae41a717-e808-4891-9f5a-b421c64da812,19,6,GRABACIÓN,2024-03-16T12:50:30.728698,
fdfadb13-b0a6-4c72-b819-916da1f41c7e,19,7,SIN ASISTENCIA,2024-03-25T20:27:18.686111,
6e2bf5bc-27b8-433a-b9ac-8d7ece80143a,19,8,SIN ASISTENCIA,2024-03-31T03:17:18.619639,
fd3c8b6c-820f-4cc3-a05e-57a688c30d5a,20,1,EN VIVO,2024-02-04T11:51:43.120960,
2f8436d7-35fa-4c83-b53c-601e6f9c4b55,20,2,EN VIVO,2024-02-12T01:21:14.022946,
349b9ead-d8a5-4e99-89b6-15ff1d151de7,20,3,GRABACIÓN,2024-02-23T06:02:03.139285,
5fed1835-f0b7-4cd6-af90-04fe0e1ae18a,20,4,GRABACIÓN,2024-02-27T10:21:46.305749,
cf829c34-aac6-41d3-b885-47972a9c621b,20,5,SIN ASISTENCIA,2024-03-09T17:04:19.609282,
e361a442-40ac-4343-98d1-c74e6101ff92,20,6,SIN ASISTENCIA,2024-03-15T21:57:08.514510,
34fd0414-5023-4eab-9a2c-d62da88da8da,20,7,EN VIVO,2024-03-24T04:40:18.957667,
7445296a-fa7f-434c-9d4b-efb709342b14,20,8,EN VIVO,2024-03-31T14:11:10.312441,
146f41da-9d17-4beb-bb3a-b3fb7709cd93,21,1,GRABACIÓN,2024-02-05T22:37:43.225172,
b3e71ac8-edd1-4328-810a-d0c05d8e14e0,21,2,GRABACIÓN,2024-02-15T00:45:18.161538,
29ace6ea-69f5-4387-b90d-693fd36a97d2,21,3,EN VIVO,2024-02-19T10:09:29.349437,
a9bb394c-2630-42ba-908e-c03eb26132dd,21,4,EN VIVO,2024-02-29T01:21:34.267963,
00a37003-56d6-4023-ba68-c86a23639207,21,5,EN VIVO,2024-03-06T19:19:24.308497,
cb20cac7-766f-4c19-a095-c46d370a39d8,21,6,SIN ASISTENCIA,2024-03-15T20:16:42.703734,
8f6088db-4227-4cde-b20a-01e2c98d4683,21,7,SIN ASISTENCIA,2024-03-24T21:03:12.481662,
dda6a3da-052b-4eb9-aa4a-f2905835c795,21,8,SIN ASISTENCIA,2024-03-30T19:11:58.344077,
1327c35f-256c-4769-a4a5-f03f1ff0595a,22,1,EN VIVO,2024-02-04T22:55:24.951423,
51ef35ad-7897-44d9-9cec-afc06ea786d3,22,2,SIN ASISTENCIA,2024-02-12T12:11:58.509369,
ae63ac3d-52ef-4718-a8c5-711b3992b4be,22,3,GRABACIÓN,2024-02-22T17:38:04.180270,
16da6656-241d-4a23-b7cc-f13d0001d6dc,22,4,EN VIVO,2024-02-29T22:22:29.857448,
57ad54b2-05aa-4cd0-900d-29fca8a3853b,22,5,GRABACIÓN,2024-03-08T05:51:15.975300,
103f6da6-d319-43f0-b1c0-d6f28ebcfb76,22,6,GRABACIÓN,2024-03-16T03:54:41.790944,
295d1d54-0672-406e-b688-5f040b63b2f0,22,7,SIN ASISTENCIA,2024-03-25T10:33:07.210452,
bc7cf4f2-c312-481c-98c4-3ef1014f676b,22,8,EN VIVO,2024-04-02T16:17:52.096633,
f70ab564-4e3d-412c-aa0e-ccb01c03917a,23,1,EN VIVO,2024-02-04T13:24:02.722785,
b6693d21-e27c-4e2c-b1a2-96430d8cd4e6,23,2,EN VIVO,2024-02-12T11:22:02.837851,
8b265381-63c1-4dcb-a269-cb1619da6a02,23,3,SIN ASISTENCIA,2024-02-22T11:11:55.869560,
6a08ede7-6bca-4c2a-a050-896389aa1d42,23,4,GRABACIÓN,2024-02-29T19:29:34.582947,
c06595f9-ef3b-4572-9f2e-de997e0de626,23,5,SIN ASISTENCIA,2024-03-06T14:15:15.987650,
8be5d748-622e-4f8b-a617-fd3ddfe722d9,23,6,SIN ASISTENCIA,2024-03-14T11:41:18.321618,
f86a3f9a-60bb-42fe-a985-c160ee79d5eb,23,7,SIN ASISTENCIA,2024-03-22T09:43:45.187326,
0c427630-28bf-4ad9-9229-fc8b4852e14e,23,8,GRABACIÓN,2024-03-31T12:27:46.950375,
59a4bfe4-8935-40ce-90e8-856b833dad46,24,1,GRABACIÓN,2024-02-03T17:52:29.066573,
985c7f3b-3d99-4304-8b43-7fabe52763b2,24,2,SIN ASISTENCIA,2024-02-13T09:16:56.432715,
9a1a865e-c624-42f3-b074-1aeb2ee39df2,24,3,EN VIVO,2024-02-22T10:02:53.192207,
9c75d132-2d2b-4fe5-ae0a-639586787883,24,4,EN VIVO,2024-02-27T08:42:38.536427,
4bfb91e8-e1d4-4001-9fff-59b6545e889e,24,5,GRABACIÓN,2024-03-06T13:53:34.321760,
74f7502d-58df-438f-b144-6e543fef08f9,24,6,EN VIVO,2024-03-17T03:13:00.439108,
26c3e9c4-77fe-4692-b0db-0dce6e88c1c0,24,7,EN VIVO,2024-03-25T19:27:30.534438,
5c16db75-5c2e-436c-a467-936590cefb9e,24,8,SIN ASISTENCIA,2024-03-31T04:43:33.495479,
bf0ed1cf-f7dd-4e2f-83d9-73e0d5533c34,25,1,GRABACIÓN,2024-02-05T13:07:44.384856,
e2f53292-bf6c-4fae-a7b2-f02d8fe46caf,25,2,GRABACIÓN,2024-02-14T17:12:21.506670,
e2a865d7-6d8c-4c9c-a8f2-1c156fe4df08,25,3,EN VIVO,2024-02-21T13:58:30.405141,
4d17ffe3-1c15-4892-8de7-92aa69cc0b20,25,4,SIN ASISTENCIA,2024-02-27T10:36:05.853683,
3e720e4a-3b74-4f49-b112-8fd5c5ae53a6,25,5,EN VIVO,2024-03-08T11:40:18.181788,
f51d4553-bd3a-47b2-9609-48a4fe60ca11,25,6,SIN ASISTENCIA,2024-03-16T19:26:04.424589,
ffc7a433-c3f4-4b58-8f62-dfaf809e4f24,25,7,EN VIVO,2024-03-22T17:03:50.531335,
63c84415-b8f0-4b26-86a0-1a1b4d41b55f,25,8,SIN ASISTENCIA,2024-03-31T06:46:45.536150,
5cf5e843-c0f0-4450-9ddc-7020cd3d2d8c,26,1,EN VIVO,2024-02-03T20:32:55.065855,
cb65d598-aee0-4730-87ee-0dc12084df4b,26,2,GRABACIÓN,2024-02-14T18:08:36.296349,
1ecdae6a-f58a-4b5d-a6b6-6bf8f3cca02b,26,3,SIN ASISTENCIA,2024-02-21T02:18:39.366084,
480d7194-e890-4fe6-abff-0e5f258c3fdc,26,4,EN VIVO,2024-02-28T03:10:07.517262,
7f087efd-70b7-48c8-82af-9545d76f83ca,26,5,SIN ASISTENCIA,2024-03-10T03:09:49.625384,
3c938e01-0291-4538-8cd4-d176dfe13def,26,6,EN VIVO,2024-03-15T09:23:29.067925,
c2ea0c1c-aabb-46f8-99e3-88c3296707bb,26,7,SIN ASISTENCIA,2024-03-23T05:04:57.670572,
444b3410-be04-45b2-b014-100818d46ee1,26,8,SIN ASISTENCIA,2024-04-03T00:18:48.658888,
a5891180-2c2f-4d44-a2f2-ee171d6c7dba,27,1,EN VIVO,2024-02-05T16:17:53.762280,
8c320baf-fb52-4e68-b628-d108435129a9,27,2,EN VIVO,2024-02-14T04:43:48.769395,
96fbbe19-9f7e-4ea3-9934-c33a538e04bb,27,3,SIN ASISTENCIA,2024-02-23T02:51:39.004683,
5db87bfb-ae78-495c-92b4-e9b29dbf6f0b,27,4,GRABACIÓN,2024-02-27T06:31:38.072341,
bb54ab80-487e-40d2-8933-773a1762d967,27,5,EN VIVO,2024-03-07T12:41:29.363701,
5388b563-b85c-4ba0-8e0c-7c7cd3a56e37,27,6,SIN ASISTENCIA,2024-03-14T17:11:58.643953,
2642e8e4-0243-4279-aef2-3cbd88af29e9,27,7,SIN ASISTENCIA,2024-03-23T14:41:12.701466,
efa24834-7391-4b89-b0b4-7579454a043d,27,8,SIN ASISTENCIA,2024-04-02T18:52:57.660291,
9fe01a01-0256-4901-8e66-2ff692a6dd3b,28,1,GRABACIÓN,2024-02-06T14:37:05.281920,
d06d33d3-4a6c-44ec-81ba-2bcb3fd8a578,28,2,SIN ASISTENCIA,2024-02-13T01:29:59.106081,
5e042292-6842-4304-9614-feb473973e3f,28,3,EN VIVO,2024-02-21T16:43:48.941340,
35f2e18d-ad8c-4099-9476-9314936078f6,28,4,SIN ASISTENCIA,2024-02-28T14:43:02.099171,
dbe7fbc8-a884-4408-adf6-85db390e8492,28,5,EN VIVO,2024-03-07T06:30:24.034657,
2f14a98b-3a53-4d21-96ba-d1bde0807036,28,6,SIN ASISTENCIA,2024-03-17T15:28:00.891328,
61ef958e-f571-4d87-9616-1c207e3e1d97,28,7,SIN ASISTENCIA,2024-03-22T18:05:26.886232,
acf6a519-2251-4de1-b9d9-46d4f5cbce1d,28,8,SIN ASISTENCIA,2024-03-30T01:51:51.817586,
e9193e06-a05c-4521-bffd-4fa9d29628b2,29,1,GRABACIÓN,2024-02-04T08:11:06.743257,
4184de6e-3eb7-43c9-aab9-279b774fad75,29,2,SIN ASISTENCIA,2024-02-14T21:32:17.105832,
7f07cdbb-6843-4684-ba88-8f8dad082863,29,3,SIN ASISTENCIA,2024-02-20T00:59:46.601761,
30d8550d-423a-404d-9b89-bdde2e90c4a7,29,4,EN VIVO,2024-03-01T18:49:21.654088,
f7f8dd82-7d68-4810-b9d9-661e5cf155ce,29,5,GRABACIÓN,2024-03-09T02:32:14.275279,
4caef89d-a7c5-48a8-9bee-298402e50b32,29,6,SIN ASISTENCIA,2024-03-14T17:50:26.378708,
88c24caa-c4f8-431a-ab6e-d9069234f141,29,7,SIN ASISTENCIA,2024-03-23T18:54:14.915340,
9a545f91-d424-4008-af9e-aed7485840fa,29,8,SIN ASISTENCIA,2024-03-30T06:39:33.304938,
e07cd354-05c4-4074-b53a-ec0d8401f23d,30,1,EN VIVO,2024-02-05T06:42:33.249446,
6e1df3a6-86a1-47d4-82af-ef6958203ae5,30,2,GRABACIÓN,2024-02-12T04:32:28.828203,
6c4b45ec-8097-47bf-8ad7-034102b84d6f,30,3,EN VIVO,2024-02-19T12:12:47.719005,
aef72559-ba0f-4ee3-9446-76483c4de2c4,30,4,GRABACIÓN,2024-03-01T02:29:56.610617,
2466278e-b09c-47cb-aaad-f4f263ad2f59,30,5,GRABACIÓN,2024-03-09T15:36:56.472010,
e868053e-de6e-42d6-9c64-7d6dc5f8232f,30,6,GRABACIÓN,2024-03-15T10:48:54.071582,
4bff92a3-fde2-412e-ba07-8851541010de,30,7,SIN ASISTENCIA,2024-03-24T20:52:31.066507,
658da3f8-ee46-4028-a77a-33f1dc442ee1,30,8,SIN ASISTENCIA,2024-04-01T18:06:20.835972,
c442f586-d942-4b8d-8c24-369a19b91ac0,31,1,EN VIVO,2024-02-06T07:19:19.273670,
8e5f645a-9772-4bf5-957e-55472a42f170,31,2,GRABACIÓN,2024-02-13T18:03:21.425648,
35d428a2-92ba-46b8-b477-ef40ec34f977,31,3,EN VIVO,2024-02-22T15:18:22.510054,
d5e96b2b-e086-4e63-847f-240f649ecd6e,31,4,SIN ASISTENCIA,2024-03-01T14:46:28.752697,
e3c8e038-e8b9-49bb-a52a-189272c99d9e,31,5,EN VIVO,2024-03-06T12:24:51.882071,
38960a91-e5f4-493d-a28b-f9288ed6be4b,31,6,SIN ASISTENCIA,2024-03-15T23:34:27.644090,
af852555-5f11-49e9-9103-b7275e1e0137,31,7,SIN ASISTENCIA,2024-03-23T01:28:50.505308,
7792388c-af85-48c8-8ca3-021e61d3cce5,31,8,SIN ASISTENCIA,2024-03-29T23:25:03.429954,
e486fb91-eecd-4eb4-a720-d37694626312,32,1,EN VIVO,2024-02-05T10:15:29.163778,
5974edf5-fef9-4e3a-9fc2-abb2b3612e65,32,2,GRABACIÓN,2024-02-12T22:06:48.099590,
0e90fbf7-a28e-46b7-97fa-e18e7dd3fee6,32,3,GRABACIÓN,2024-02-22T00:23:48.742530,
b452161d-7d47-4e12-9939-e54a39c0a4fd,32,4,SIN ASISTENCIA,2024-03-01T01:59:19.846291,
0e262a14-54ce-4014-b72c-e3d51e99eeeb,32,5,SIN ASISTENCIA,2024-03-10T00:43:48.928374,
ae14cc2d-3620-410f-a490-4a76a74e2034,32,6,GRABACIÓN,2024-03-17T15:18:28.633456,
4984d47e-1b41-427d-96e6-1926d9d032eb,32,7,SIN ASISTENCIA,2024-03-25T23:07:54.043068,
14c35bb3-786f-482a-8139-eb2f18d85876,32,8,EN VIVO,2024-03-31T08:37:42.784020,
e952e183-813a-4672-854f-3664f405c6fa,33,1,EN VIVO,2024-02-04T17:28:17.997414,
b59ecf2a-fb34-44b7-be50-efcb1b68aa1f,33,2,EN VIVO,2024-02-12T13:52:15.411120,
22964f9c-64b8-4624-a1f4-5aae11df2cc5,33,3,EN VIVO,2024-02-21T02:33:29.612573,
5e0cba02-ae65-46f9-ab7b-7341320d62bf,33,4,EN VIVO,2024-02-28T14:44:56.814944,
1e8239c4-3f03-4de9-8ff0-4ac062072f12,33,5,SIN ASISTENCIA,2024-03-08T22:03:21.732265,
db2f8cbd-8134-4eea-80f5-3ce85a9de09e,33,6,EN VIVO,2024-03-15T07:40:26.346654,
a8373ec9-27be-4f14-8f1a-1cfd52f6e0bf,33,7,EN VIVO,2024-03-22T06:55:09.161505,
44846a85-34b1-4cd0-8f34-5ee7e3ea8520,33,8,SIN ASISTENCIA,2024-03-31T10:54:53.817739,
096db3e6-cb70-4ed3-b065-601c29498ada,34,1,EN VIVO,2024-02-05T16:01:03.415655,
0a1463c7-2b3b-4368-b7e2-1d3bca3cdefc,34,2,EN VIVO,2024-02-13T22:44:11.215030,
d5b83cbd-45be-44c2-9add-2cd0378390ad,34,3,GRABACIÓN,2024-02-21T00:03:32.701822,
d0db3170-1763-4d01-979b-b4926a7743dc,34,4,EN VIVO,2024-03-02T01:27:09.448826,
1854add8-df3c-4581-9bc4-7b66881421ef,34,5,SIN ASISTENCIA,2024-03-07T21:09:02.530716,
84462f5d-7019-45be-81c5-809669709547,34,6,SIN ASISTENCIA,2024-03-14T05:43:27.632700,
55b41a69-4318-4a38-be07-696ad470443c,34,7,SIN ASISTENCIA,2024-03-23T18:48:01.689411,
ba2b2c6e-854f-4901-99b7-180a788751b3,34,8,SIN ASISTENCIA,2024-03-31T02:29:07.125050,
199decfc-802f-4cb3-b5bb-f58745450f3d,35,1,EN VIVO,2024-02-06T20:34:08.873090,
fcfc31ef-524d-459d-9cfe-42bc83e7df0c,35,2,EN VIVO,2024-02-12T13:55:37.377340,
aee8b7b1-d2d3-4f28-a0b8-0acb6a7ed9af,35,3,EN VIVO,2024-02-22T08:25:03.340105,
bfbaf8a3-5844-4017-8bef-1ba347791a03,35,4,SIN ASISTENCIA,2024-02-27T09:44:56.053341,
193fd1f2-dc34-4e66-b9b9-331789e54115,35,5,GRABACIÓN,2024-03-08T02:27:42.972192,
1fb7bdf7-d144-4f96-b7b6-dd2576279f74,35,6,SIN ASISTENCIA,2024-03-17T11:20:10.268721,
1e350b24-2f03-40e0-9089-1d7725ed3400,35,7,GRABACIÓN,2024-03-22T01:23:10.142100,
1bbb8f20-8ebe-4dda-a9d4-2231e5e67252,35,8,SIN ASISTENCIA,2024-03-30T07:00:44.154669,
7378e5d7-4444-4d23-8c87-7ddd881e9df3,36,1,EN VIVO,2024-02-06T19:58:11.361776,
5a0fa4ea-232c-4e0a-bf19-54d06e1012e9,36,2,SIN ASISTENCIA,2024-02-13T20:59:03.109484,
93633560-7494-4425-96b5-56377e072327,36,3,EN VIVO,2024-02-22T15:48:40.738003,
23674ce4-8e92-403b-a1fc-ce5a119046e7,36,4,GRABACIÓN,2024-02-29T10:46:00.841018,
27b5a0d3-e547-4d36-b6a7-d5ecf255317c,36,5,GRABACIÓN,2024-03-10T00:36:07.161028,
acee5191-26e4-452e-8409-dfb83b09012f,36,6,SIN ASISTENCIA,2024-03-15T17:27:15.721552,
0c263851-953a-434b-8834-8f62c768185e,36,7,EN VIVO,2024-03-23T14:48:32.150148,
f69be7db-32a5-48b6-b691-7e1fdedb0478,36,8,SIN ASISTENCIA,2024-04-01T02:13:48.683787,
22eccff3-0f8d-4717-8940-59a637c1bf11,37,1,EN VIVO,2024-02-04T22:43:31.510379,
64ad8fd4-e3df-492b-851a-9a9249c597f5,37,2,EN VIVO,2024-02-14T00:13:20.304909,
406e3700-c975-408f-a51a-039e5ddab2e0,37,3,SIN ASISTENCIA,2024-02-20T18:08:55.505969,
0739b435-cfc5-4c58-af6e-59df2144c83a,37,4,SIN ASISTENCIA,2024-02-28T10:43:29.534903,
f33545a5-77e1-48ce-8b64-78070ba2f2a2,37,5,EN VIVO,2024-03-09T21:23:36.941501,
2fcd8c78-22a8-48d2-9a56-cd497b581d4a,37,6,EN VIVO,2024-03-16T18:25:54.527591,
da798807-6523-497a-9936-de3fa63bba50,37,7,SIN ASISTENCIA,2024-03-25T03:26:52.634978,
34532ce3-d96f-4f5b-8290-30f5cb18d7c9,37,8,EN VIVO,2024-04-02T17:47:14.109412,
e86797af-0329-4a11-aa31-196c11c54bcb,38,1,EN VIVO,2024-02-07T00:25:27.269257,
62ec916f-061b-402c-b4e5-c2401f64b9ef,38,2,SIN ASISTENCIA,2024-02-14T10:13:16.773580,
af7a611c-33ba-434f-9db9-70ee68f679d0,38,3,GRABACIÓN,2024-02-19T21:21:21.630771,
aafd7b5b-a8e7-4400-93a9-e89bceb32487,38,4,GRABACIÓN,2024-02-29T18:41:59.440079,
7f2ba618-c8a7-4fd2-bbb1-d4d4981cc755,38,5,SIN ASISTENCIA,2024-03-07T12:35:42.243100,
9791a19f-572f-48f8-a049-41a107eed973,38,6,GRABACIÓN,2024-03-16T07:59:43.943285,
ce09a8bd-43f1-4207-99f0-a90ac95b38a2,38,7,EN VIVO,2024-03-23T02:31:43.950860,
59ccf169-382f-49cc-9bdf-04764110008d,38,8,GRABACIÓN,2024-04-02T02:47:10.708078,
b19505d8-3238-44f3-8b47-c810e921b8a6,39,1,GRABACIÓN,2024-02-05T13:37:38.145051,
91eb9a1f-c0d9-45f7-9ad9-334e0ddf67aa,39,2,EN VIVO,2024-02-12T20:39:21.280849,
9f278e63-0648-4d46-bad1-dc5624f96c3d,39,3,EN VIVO,2024-02-19T14:17:51.482264,
8014bb50-092e-475b-9435-224e4da055da,39,4,EN VIVO,2024-02-27T15:37:28.923489,
400a0765-ff8f-4375-8f3a-14922ad060bb,39,5,EN VIVO,2024-03-07T03:18:55.521414,
e5d532ce-4e2c-4d66-9c68-a2bc7f3062c2,39,6,EN VIVO,2024-03-17T23:32:49.946976,
8c67f639-7894-4232-9202-5e684739fd48,39,7,GRABACIÓN,2024-03-22T09:36:34.032318,
30cb85ef-35e0-4fbf-b289-fb8ce0bb7d51,39,8,SIN ASISTENCIA,2024-03-30T06:37:50.660540,
327154a3-4dc7-461b-8a89-972dd55d67b4,40,1,EN VIVO,2024-02-06T11:15:01.366664,
a96d5c8c-d750-4806-a4e9-74bf0add1764,40,2,GRABACIÓN,2024-02-15T03:50:36.971104,
cb400af2-467a-411f-a877-3b6d2bc14a50,40,3,SIN ASISTENCIA,2024-02-20T04:20:32.773425,
3951c4f1-33c0-4005-9810-2a89d36b2891,40,4,SIN ASISTENCIA,2024-03-01T22:27:43.947013,
ae014ae5-f408-493d-a384-b624e778cc7f,40,5,SIN ASISTENCIA,2024-03-06T10:51:09.086450,
7c474f34-0a5e-4bf1-9d0c-1e59383358df,40,6,SIN ASISTENCIA,2024-03-16T12:48:39.794322,
49097366-f41c-4bff-900e-6492eca85d71,40,7,EN VIVO,2024-03-25T18:21:13.889681,
6082d17d-c626-43fd-ab8c-37f8e1449141,40,8,EN VIVO,2024-04-01T00:37:55.312643,
fb3d18e2-261c-4ecd-abd1-8fcb1262f566,41,1,EN VIVO,2024-02-06T14:40:41.047229,
917372a2-6e26-4f3b-9f5a-676f418aa851,41,2,EN VIVO,2024-02-11T22:59:47.528021,
729c0831-3935-4589-b53f-011b16a3766b,41,3,SIN ASISTENCIA,2024-02-23T05:48:55.021568,
e835fbd5-95fb-41ea-895e-d3b5be53c016,41,4,EN VIVO,2024-02-27T10:22:52.797405,
d6b02744-3471-4566-98c1-57236f4a0048,41,5,SIN ASISTENCIA,2024-03-07T03:51:37.324010,
993929d3-47f5-4b02-bbb7-beeecc751023,41,6,SIN ASISTENCIA,2024-03-17T07:16:04.577654,
11f711d1-1fbf-4882-a8b4-371dd10d6d07,41,7,SIN ASISTENCIA,2024-03-22T03:36:22.916563,
9e1c72f9-bbdf-4980-bb7e-8294c872c0c3,41,8,SIN ASISTENCIA,2024-03-30T04:06:54.058455,
373d2f4c-36ba-410f-8940-6a6ca9ac07ac,42,1,GRABACIÓN,2024-02-05T00:45:30.971986,
d4f82c7c-ea1f-4de1-b18e-bf693748a451,42,2,GRABACIÓN,2024-02-15T06:12:03.954222,
7284ff53-9d0d-4812-acb8-4bfb55c00571,42,3,GRABACIÓN,2024-02-21T09:28:04.684108,
2a667681-e4b5-4562-a358-d5088d1efb46,42,4,SIN ASISTENCIA,2024-02-29T04:04:59.935007,
ae170328-c77e-4d76-ae50-ef4660e156a1,42,5,SIN ASISTENCIA,2024-03-09T01:01:50.952278,
e1c55415-a020-4cf2-a5e5-cc523366928e,42,6,EN VIVO,2024-03-14T18:44:04.340612,
ffa9f231-5f60-4c0e-ad6b-569aac6613f4,42,7,GRABACIÓN,2024-03-22T20:19:31.322742,
971f9848-24c5-4d17-b07a-858552808437,42,8,SIN ASISTENCIA,2024-03-30T15:29:44.651350,
54540f29-0823-4baf-b04a-5f3e2122579f,43,1,GRABACIÓN,2024-02-04T22:11:38.995041,
bedfba0d-f50a-480e-bb6b-41bc67d1a3e7,43,2,EN VIVO,2024-02-13T00:50:26.057970,
38b8b8e5-6c8b-49db-999e-2b67188828c1,43,3,EN VIVO,2024-02-20T14:49:51.249322,
e3031f43-acb4-47a8-bd42-78b86a2e0572,43,4,SIN ASISTENCIA,2024-03-01T22:42:32.479810,
f196fa65-41d1-41f5-97ad-599abe7522cb,43,5,SIN ASISTENCIA,2024-03-09T10:54:02.067312,
a494825f-2e4e-458f-a14a-ea423aa9936b,43,6,SIN ASISTENCIA,2024-03-15T13:25:13.380247,
ebadf14a-66d1-4981-800b-5a44bfa129bb,43,7,SIN ASISTENCIA,2024-03-23T19:16:37.998572,
2b3b4e14-4200-4e57-8a79-f65aed925763,43,8,SIN ASISTENCIA,2024-03-30T02:08:19.126236,
c3fe04ee-3034-4834-a960-527b1fde676b,44,1,EN VIVO,2024-02-03T15:15:18.508504,
78a46955-a60d-4410-9b3f-71190f5e5227,44,2,SIN ASISTENCIA,2024-02-11T16:51:14.371567,
0268d6d6-6677-4af1-843d-9dc17a204a7c,44,3,EN VIVO,2024-02-20T22:51:38.568043,
991b96f2-4165-494c-b028-6629f7bdf7d2,44,4,GRABACIÓN,2024-03-01T11:24:10.987282,
6353f1fb-6d78-48e7-ada6-b9e032c2ba19,44,5,SIN ASISTENCIA,2024-03-06T16:54:55.766365,
44a5909b-b4c7-4eb1-a0b2-1e0fbc5278e0,44,6,EN VIVO,2024-03-14T19:39:14.160058,
2c3f1c5c-67d9-4f8d-ad4d-9cff039984f9,44,7,SIN ASISTENCIA,2024-03-24T00:25:50.332383,
3ac36509-ac9e-4ba2-a3f9-889d7a250c5b,44,8,SIN ASISTENCIA,2024-04-02T06:21:44.232231,
7c285804-1ac1-4892-b8cd-cb292771ddb1,45,1,GRABACIÓN,2024-02-03T14:26:46.781180,
925d81f9-3df5-40db-aec8-3aa662e1ad8c,45,2,GRABACIÓN,2024-02-14T21:14:13.013098,
e1dc808c-a66c-4ef2-9bc7-2f03d1687731,45,3,GRABACIÓN,2024-02-19T15:24:39.769124,
0c459a1a-8d4b-4f9c-800a-ab3a78be8843,45,4,EN VIVO,2024-03-01T01:41:55.478226,
54ab06b7-ec1f-4fda-8bbf-985cc608fe01,45,5,GRABACIÓN,2024-03-08T13:19:31.350014,
d176d028-8867-44b8-a55b-88b8eaaff4de,45,6,EN VIVO,2024-03-16T02:11:44.043559,
814f6fa1-2abf-4254-b946-88ad4d15e907,45,7,EN VIVO,2024-03-25T07:19:53.340343,
c95735bb-8ff8-47d4-9d4d-49676f36dca9,45,8,SIN ASISTENCIA,2024-04-02T08:56:25.361409,
98405a28-126f-4cd9-a664-4183b9003b7a,46,1,GRABACIÓN,2024-02-06T17:38:09.820943,
e47cfdaf-921d-4d06-a188-c0d6c1eb9328,46,2,EN VIVO,2024-02-13T17:01:47.558974,
70fdad0f-3b65-4d33-852d-35dd88f172b5,46,3,GRABACIÓN,2024-02-19T12:46:22.179351,
12232dfb-69b4-46b3-9af9-b6b9958c5a3c,46,4,GRABACIÓN,2024-02-27T11:25:23.366695,
45be9fdf-9514-48bf-8ee2-9f57c545366c,46,5,SIN ASISTENCIA,2024-03-07T02:09:07.850172,
7bb37865-a424-40ab-9464-2d14770523c4,46,6,SIN ASISTENCIA,2024-03-16T06:51:11.294369,
9fcbc30f-7941-4fc7-9aa6-919f9955a86d,46,7,SIN ASISTENCIA,2024-03-25T10:23:34.112091,
f5684aec-f52b-4dd1-be82-cf5b677dc291,46,8,EN VIVO,2024-04-01T00:59:35.229420,
d7fe57fe-334c-4ee3-b789-bcf62bb295c6,47,1,EN VIVO,2024-02-04T21:49:27.779363,
e7891007-05b9-4c8f-a641-ef6162597459,47,2,SIN ASISTENCIA,2024-02-14T01:29:37.830013,
4d1f79e2-11f0-4976-98d7-f1f19d141776,47,3,EN VIVO,2024-02-21T16:54:11.787142,
ccaba655-ac0a-4f4c-854a-68267f590d32,47,4,EN VIVO,2024-03-01T08:24:47.916472,
d694af33-5edf-4e28-ac63-78ed034bab37,47,5,SIN ASISTENCIA,2024-03-06T16:23:40.405451,
7416443e-0d0d-42e5-93c8-9c5eb81744b5,47,6,EN VIVO,2024-03-14T10:03:53.975367,
05fd7571-21b6-4bb7-93a1-5d199650679a,47,7,SIN ASISTENCIA,2024-03-24T08:57:00.178313,
3918f946-bacd-4ccd-b700-1933fb348cda,47,8,SIN ASISTENCIA,2024-04-02T15:38:46.288086,
60d71307-d77a-4998-864a-153a42925601,48,1,GRABACIÓN,2024-02-07T01:56:06.735559,
0b5f0752-0092-4480-a3d8-1fa51e97a5b2,48,2,EN VIVO,2024-02-14T04:12:26.827608,
b277ee13-db7b-4e19-ba84-e5e8ff844b5c,48,3,SIN ASISTENCIA,2024-02-22T23:04:35.601382,
a9c26ed2-b75d-47c2-9564-570cab0a87e6,48,4,SIN ASISTENCIA,2024-03-02T03:08:12.737653,
9517174f-50cb-4768-aee1-985fbae4471d,48,5,SIN ASISTENCIA,2024-03-07T14:20:26.639983,
867aae94-6044-4b9f-9e84-20c97ef13bd6,48,6,SIN ASISTENCIA,2024-03-15T23:53:58.093277,
4ccaefae-865b-4770-b9c7-eaf18a377b45,48,7,EN VIVO,2024-03-22T11:52:47.925675,
591112e9-e42e-4c87-b050-f376162b6d19,48,8,SIN ASISTENCIA,2024-04-02T17:35:18.765676,
6b929fe1-6541-4ad0-8ea8-e5312c8ad393,49,1,EN VIVO,2024-02-07T02:37:11.731085,
ba7f5257-b6ee-45a6-833f-3feb3d371513,49,2,EN VIVO,2024-02-12T16:02:35.282214,
46e8f7c5-1e1c-4332-a382-398535a05a26,49,3,EN VIVO,2024-02-22T15:50:10.457065,
cab241fd-c269-40d3-b5ea-9e046800595c,49,4,SIN ASISTENCIA,2024-02-28T02:46:07.418676,
f809e6eb-60f0-437b-abe0-02964803171a,49,5,SIN ASISTENCIA,2024-03-08T13:15:14.643060,
ee5af663-9dfe-4491-8530-2d0a512cfc00,49,6,EN VIVO,2024-03-15T04:38:14.071853,
7b4654d7-eaa6-4b1b-aef2-79f5e477d936,49,7,SIN ASISTENCIA,2024-03-23T07:03:26.165061,
c188e23a-1d8b-431c-a7ab-8cf7134359ae,49,8,SIN ASISTENCIA,2024-04-02T01:52:48.361372,
ca2826fe-bbd6-40c3-a743-fcfe85b8d2a5,50,1,EN VIVO,2024-02-07T06:50:25.306720,
40b22ff2-feda-4c22-b424-e1402d42f006,50,2,EN VIVO,2024-02-14T16:41:31.692841,
05079677-c333-4761-af39-c505a2bc68e4,50,3,GRABACIÓN,2024-02-22T17:02:51.290190,
7a22e941-7060-46d4-8fe6-5c9682af5d98,50,4,EN VIVO,2024-03-01T20:22:45.476621,
8f9b849a-3f68-40a3-8761-2eb49e23e9da,50,5,SIN ASISTENCIA,2024-03-06T14:52:27.008435,
9c2698aa-216a-48d4-ab9e-e21bbf73f309,50,6,GRABACIÓN,2024-03-16T23:30:13.293612,
93a4f099-a6bc-4dfd-89a0-5fcb35d7c729,50,7,SIN ASISTENCIA,2024-03-23T04:08:50.126564,
088a6a21-cdc3-45f3-b717-69ef4d4be5fd,50,8,SIN ASISTENCIA,2024-04-02T02:50:14.041004,
9c8d4996-113c-4b5b-81d6-4f286db2447e,51,1,EN VIVO,2024-02-07T07:35:01.223346,
678d64b9-d2d0-4bf4-93df-43682616b4d6,51,2,EN VIVO,2024-02-14T17:40:32.271715,
3f038e11-d5fa-42c8-bd11-4d6105cd8834,51,3,EN VIVO,2024-02-22T23:04:25.139309,
f33f4bcf-7b16-4e0d-b05a-61a5cc536617,51,4,SIN ASISTENCIA,2024-03-01T03:23:40.457141,
940fbf3d-4963-40a9-924c-c4ca87bf3511,51,5,EN VIVO,2024-03-06T22:39:38.260793,
06768e3a-218b-4ece-9ac9-b8ce7ebadff4,51,6,SIN ASISTENCIA,2024-03-15T03:15:04.007659,
96ac8bc2-bfbc-4b53-9d41-1510f62be843,51,7,SIN ASISTENCIA,2024-03-24T13:58:59.323538,
f17c74ff-14f1-4803-95ec-e8be8285344f,51,8,SIN ASISTENCIA,2024-03-30T15:05:12.406361,
ac61a53a-4706-416b-a87d-d2d832d0094d,52,1,EN VIVO,2024-02-06T01:17:13.420690,
b9b1b191-96c9-4c32-a1e6-a8ca357d1ac0,52,2,EN VIVO,2024-02-11T22:13:26.950062,
6d983619-ae55-41c5-b67f-085641ecbef6,52,3,GRABACIÓN,2024-02-21T08:33:10.658233,
baa1ad2a-8fb4-4fd6-9b7a-b54f9583b3c9,52,4,EN VIVO,2024-02-28T03:43:14.580222,
030bcb9b-aada-4c9b-839f-4bd60f2f254d,52,5,SIN ASISTENCIA,2024-03-09T19:41:24.773291,
4c7b5b11-00d3-4d31-ae13-328cb076b8a5,52,6,GRABACIÓN,2024-03-15T02:44:02.760505,
abbb24e7-7839-40b2-af63-fead9a7fade5,52,7,SIN ASISTENCIA,2024-03-23T18:40:35.646126,
c8fabad3-fcd8-4fd2-8b52-56f75176e897,52,8,SIN ASISTENCIA,2024-03-31T02:07:39.271858,
97b7f93d-13c7-4272-8ab0-b32a1075b8a0,53,1,GRABACIÓN,2024-02-06T14:34:23.349127,
750eb771-a4f4-4e87-a523-e624db6a60ef,53,2,GRABACIÓN,2024-02-14T12:04:37.412914,
9ed93f13-5184-4e61-a7c9-1d6b997c5811,53,3,EN VIVO,2024-02-20T17:14:15.854370,
1be5ba5e-4579-43fc-88e0-3f0a739a92f8,53,4,EN VIVO,2024-03-01T15:20:16.693678,
56c76202-68ec-404b-b57f-4db3e2d4a9f6,53,5,SIN ASISTENCIA,2024-03-09T18:58:59.534934,
91be96e6-6e84-4bef-9ff5-14be6a035283,53,6,GRABACIÓN,2024-03-17T18:10:19.415941,
acf0c29d-4ab5-467d-8961-ce44407bd79a,53,7,GRABACIÓN,2024-03-22T10:05:12.326711,
1914a71f-fd0b-4aa6-9397-dc579e96b78f,53,8,SIN ASISTENCIA,2024-03-30T12:52:32.042001,
52bab2f0-97f6-40bc-a69d-d6d0cd16f9be,54,1,GRABACIÓN,2024-02-05T00:57:53.758678,
ef1d00d9-ca6d-43c7-9f4c-b39530b8dd2a,54,2,GRABACIÓN,2024-02-12T02:08:07.666793,
eaedcc6c-72fb-43b2-b8a8-79371f909a15,54,3,SIN ASISTENCIA,2024-02-20T03:34:16.087695,
901ade34-1a5f-4727-baa0-8cc6e823a16a,54,4,EN VIVO,2024-02-29T04:45:19.093429,
8acd55d5-77ea-4074-8619-5babe0e4099c,54,5,EN VIVO,2024-03-07T06:52:39.534692,
b081d96a-01fe-46a3-8571-f7fe3ddbdab3,54,6,SIN ASISTENCIA,2024-03-15T04:13:53.655084,
093061a2-3c71-49a7-94c7-74234ab7dda3,54,7,SIN ASISTENCIA,2024-03-24T06:36:46.370955,
48adbf5c-e6dd-4513-967c-74eaaeabbcb6,54,8,SIN ASISTENCIA,2024-04-01T00:39:18.932311,
30949cb2-66d0-485b-a280-e41cd7aa4691,55,1,EN VIVO,2024-02-06T20:35:03.336408,
4a0b4255-e4f6-4b69-a16f-60338dd5fff5,55,2,EN VIVO,2024-02-14T21:06:18.671402,
586b7e3f-e548-43d8-9965-a60114b3c6e2,55,3,EN VIVO,2024-02-21T19:18:34.903411,
9ffa6512-1b1d-47b6-bbc1-25418d2cbcce,55,4,SIN ASISTENCIA,2024-02-29T11:13:13.849347,
ee73700a-7802-4d12-973e-17e840fbda0b,55,5,SIN ASISTENCIA,2024-03-07T03:38:04.012142,
d71b2391-c142-4668-a0fc-e0da613257a4,55,6,EN VIVO,2024-03-15T09:57:52.870037,
77a67550-69b0-433e-bb26-3f7e0f41ff04,55,7,SIN ASISTENCIA,2024-03-22T02:32:03.900404,
6742e39b-477d-4ab6-b70f-5ccc53056dea,55,8,SIN ASISTENCIA,2024-04-02T03:33:51.581978,
dd129f5f-85d6-45da-83b8-8f815f0c8851,56,1,GRABACIÓN,2024-02-04T03:34:49.861290,
f3a3f1de-046b-4ed0-b8f4-8613b86b9be0,56,2,SIN ASISTENCIA,2024-02-11T13:26:16.430935,
b9783caf-ee0a-4f9d-8ecb-dee2c52d8c52,56,3,GRABACIÓN,2024-02-21T08:33:00.860629,
15bb07de-3066-4fa9-be52-626a3b16a339,56,4,EN VIVO,2024-02-28T10:31:46.365860,
2822fa87-830f-4858-8416-6683306a93b1,56,5,GRABACIÓN,2024-03-08T21:40:04.413071,
0a0aef33-143b-4bee-8cab-561754b7279b,56,6,SIN ASISTENCIA,2024-03-15T15:17:32.150528,
4882a5af-f3c3-450b-8ed4-a125d19c79a4,56,7,EN VIVO,2024-03-22T21:10:10.122773,
f74edfcb-832a-448a-94da-44765e442750,56,8,SIN ASISTENCIA,2024-03-31T23:22:04.423658,
bab47d60-e58d-40c4-8605-8771c56d92cf,57,1,EN VIVO,2024-02-04T07:10:51.657692,
7047e156-87b3-481d-9d14-380d435bc206,57,2,EN VIVO,2024-02-11T15:49:16.930269,
232b5760-7de6-4d01-96f1-fb8eee044d68,57,3,EN VIVO,2024-02-21T12:19:15.153264,
26af177c-288f-4706-b6f0-3fae09c33765,57,4,SIN ASISTENCIA,2024-03-01T22:09:08.953225,
ef94a138-cdfb-40a4-86d2-750c89188621,57,5,SIN ASISTENCIA,2024-03-09T16:24:54.655552,
937f90ff-7367-45a5-bf99-c0ce6f31550e,57,6,GRABACIÓN,2024-03-15T15:57:23.560180,
a9684f62-b0d7-437e-b9d8-40453fd63528,57,7,SIN ASISTENCIA,2024-03-24T13:37:16.630901,
752434fc-ece5-4a6c-a99a-4b123d2652b1,57,8,GRABACIÓN,2024-03-31T00:27:22.452903,
c296d861-e0ce-493b-8928-92f22f099d20,58,1,GRABACIÓN,2024-02-07T08:30:01.451782,
d4ef68fb-12e1-4221-a7cf-2db9497ae054,58,2,EN VIVO,2024-02-12T04:12:47.184702,
4dadb4ce-85d9-4ea2-b679-1a9f377ca56b,58,3,GRABACIÓN,2024-02-19T13:21:57.988219,
3e38781c-2330-4b0b-912a-c4bda835adc1,58,4,GRABACIÓN,2024-02-28T13:49:53.043647,
b9594d3b-e09d-429b-9bc3-ff7b7eab62ec,58,5,EN VIVO,2024-03-07T16:06:22.768851,
eb63eeef-b1b3-49e3-a89d-17034ba63652,58,6,SIN ASISTENCIA,2024-03-15T08:46:31.209111,
a5a9d41a-6756-4900-83ff-6eab058e300a,58,7,SIN ASISTENCIA,2024-03-25T15:42:20.551103,
12edca52-4206-4e84-847a-cddd88f0f658,58,8,SIN ASISTENCIA,2024-04-02T19:46:07.187365,
4aeddcb4-e7f9-434d-97a4-8a7abc6ba0da,59,1,GRABACIÓN,2024-02-04T08:52:53.905308,
28b16ab4-7070-4236-97ee-f7b45e14faec,59,2,SIN ASISTENCIA,2024-02-15T03:37:14.476547,
edc9009d-16ca-43f7-87f5-dfee8f4c0cb5,59,3,GRABACIÓN,2024-02-19T08:57:45.900634,
f498131d-a280-4edc-a929-b6065e1c9313,59,4,EN VIVO,2024-02-28T09:47:26.625757,
21ad23d2-11e5-4e3c-9483-0e266a9e3328,59,5,EN VIVO,2024-03-09T21:40:55.972448,
e38b3be6-ff8f-4f5e-987a-e1c21207eb93,59,6,EN VIVO,2024-03-15T21:56:10.814786,
eeec0251-454f-4373-a28c-5e8683810ca5,59,7,SIN ASISTENCIA,2024-03-23T01:54:01.472059,
d00fa147-28af-49de-9239-58037fb62c92,59,8,SIN ASISTENCIA,2024-04-02T08:13:06.167887,
e11e84fd-62c3-4e07-9263-415860a809c2,60,1,GRABACIÓN,2024-02-04T00:09:20.387732,
121c5f33-6601-420f-8c18-8ef6472b8054,60,2,SIN ASISTENCIA,2024-02-11T16:20:54.000681,
703542d9-4a2d-4b36-93c8-ad85424e06eb,60,3,EN VIVO,2024-02-21T15:25:05.338098,
b6bc77f6-1e3a-442e-888f-bf9e4da49ad6,60,4,GRABACIÓN,2024-02-27T10:03:10.656658,
996b4ca1-d635-4651-9b96-461bf4a766c8,60,5,SIN ASISTENCIA,2024-03-07T12:12:33.802973,
6ffb12ec-f1ac-462f-a458-2742e3d1463f,60,6,SIN ASISTENCIA,2024-03-16T13:43:02.821992,
a002fcd3-23da-4c59-9971-50011aa5a03a,60,7,SIN ASISTENCIA,2024-03-25T18:34:06.660746,
e3c6aafa-60dc-4aa9-a566-52f3edb30017,60,8,SIN ASISTENCIA,2024-04-01T12:40:31.015878,
9403c451-5c7c-4781-9ea3-64a02985034a,61,1,EN VIVO,2024-02-04T21:11:18.523183,
11c7dbd1-c3eb-466d-867c-7e833028df6f,61,2,EN VIVO,2024-02-13T04:17:20.194803,
a11df4c6-3036-4028-91dc-e7041cfdb1c3,61,3,GRABACIÓN,2024-02-20T02:39:21.091855,
ef89a437-2f9a-4f4f-b0f8-44da3b8d3c19,61,4,SIN ASISTENCIA,2024-03-01T09:45:58.889126,
7824d2b7-a946-4ef0-b947-28631328af58,61,5,EN VIVO,2024-03-06T13:43:10.137911,
2d317536-fc50-4ed2-91f2-7311e0e5b743,61,6,GRABACIÓN,2024-03-16T18:47:08.269763,
090a55b0-3b2f-43fb-9218-1e74dcdbd372,61,7,GRABACIÓN,2024-03-22T10:55:10.908963,
cdd3f452-465b-48ed-96dc-d6f1851ad2d2,61,8,SIN ASISTENCIA,2024-03-30T13:55:51.398014,
59cd2c90-40ad-4c6d-8ca1-19667c30c62b,62,1,GRABACIÓN,2024-02-06T17:03:59.432217,
834c12bd-3b79-4b5e-a1be-c00f7a08338a,62,2,EN VIVO,2024-02-13T12:02:59.701880,
215dd17e-9b49-4b38-865e-7ca32c6d90b9,62,3,EN VIVO,2024-02-22T15:54:37.949994,
f1cb4d6c-679c-4182-9913-8e27d0dda357,62,4,GRABACIÓN,2024-02-29T08:46:09.054138,
44963171-9fc6-492e-bbb4-665ee33d14b6,62,5,SIN ASISTENCIA,2024-03-06T14:55:28.569329,
df383759-13d8-42b1-902f-3dac97ac65de,62,6,EN VIVO,2024-03-14T03:25:30.315720,
f005b77a-9adc-426c-bcc0-338644892d70,62,7,SIN ASISTENCIA,2024-03-22T16:35:34.380840,
024a9ef4-9dee-45c1-a1ab-df2b88d451b2,62,8,SIN ASISTENCIA,2024-03-31T10:00:23.776980,
59f7474d-de90-4998-b00a-0d395597268f,63,1,EN VIVO,2024-02-03T15:56:35.970096,
806a5f78-453c-4c05-b3eb-38818e383e0f,63,2,EN VIVO,2024-02-13T03:17:44.994536,
1f7716dd-2728-418a-b328-2ba8ae48bb17,63,3,SIN ASISTENCIA,2024-02-20T07:46:19.851008,
74c8e2c3-70dd-4260-a8aa-b6bbbac9a68f,63,4,GRABACIÓN,2024-02-28T14:04:11.287388,
34618c42-6077-4294-b977-eeecd2575e9e,63,5,SIN ASISTENCIA,2024-03-09T08:14:28.423905,
4cfe00d6-7924-430f-9e4e-f7b9d9791faa,63,6,SIN ASISTENCIA,2024-03-15T20:46:24.149861,
3d9d281d-edf5-4faa-8efb-636b23dec0a7,63,7,SIN ASISTENCIA,2024-03-23T12:30:01.750002,
d5ab54aa-e1fb-4aa8-90e1-7c13bea4668f,63,8,SIN ASISTENCIA,2024-04-02T17:51:55.860694,
7d12f0c6-270f-4200-b578-cc5b32b82e7f,64,1,EN VIVO,2024-02-03T09:57:57.218997,
6b11e165-b9a5-402e-8680-93e4c833d9ab,64,2,SIN ASISTENCIA,2024-02-12T12:32:53.566061,
4b35bee0-411c-4c4e-8a23-6cecf16d7a46,64,3,EN VIVO,2024-02-19T15:24:36.472666,
3035e7f4-a0cb-49d2-856c-b1d3ccd6d20a,64,4,SIN ASISTENCIA,2024-03-01T14:51:29.823566,
36bd2d55-f702-4541-ac7f-98ef4f8f5812,64,5,SIN ASISTENCIA,2024-03-07T13:29:18.857796,
48e573f8-335f-4aab-8858-74ab77c13935,64,6,SIN ASISTENCIA,2024-03-17T00:16:26.903436,
f0de876a-114c-4e91-a8cb-2e89192e6486,64,7,SIN ASISTENCIA,2024-03-25T09:54:13.675340,
7e261e83-7772-4e29-8ff8-3eb9ae95dd49,64,8,SIN ASISTENCIA,2024-03-30T05:58:12.724329,
0901bc6c-09e4-4bad-984c-ef7462ccd993,65,1,GRABACIÓN,2024-02-06T12:55:40.124329,
da45181d-e83c-47de-bbab-428096a919cb,65,2,GRABACIÓN,2024-02-13T22:16:02.460629,
22ada9d6-6244-4c7e-af29-83bccf4bcc06,65,3,SIN ASISTENCIA,2024-02-21T20:05:22.601278,
33eec42c-fc12-4483-a5ce-6015b3ccbb99,65,4,EN VIVO,2024-02-28T23:15:52.386027,
250c7425-9ace-45a4-b8e8-673293fd8813,65,5,SIN ASISTENCIA,2024-03-07T20:08:58.200123,
361abafd-aa1d-4708-8907-79fd45518c62,65,6,GRABACIÓN,2024-03-14T08:48:31.397780,
578e3e44-9594-48d5-88a6-d0f0cbd600c8,65,7,SIN ASISTENCIA,2024-03-22T17:39:04.671791,
bd83ca4b-926d-4162-9814-e975aab37ceb,65,8,SIN ASISTENCIA,2024-03-31T17:07:42.320123,
07691fb2-6cbf-4322-83dc-9432ae072d29,66,1,EN VIVO,2024-02-04T13:38:06.042504,
fede7de4-f1ca-4ac8-b7fb-d7f423087216,66,2,GRABACIÓN,2024-02-13T04:36:20.604226,
39658b21-2ba8-4c0a-ae32-fe438cf35d18,66,3,EN VIVO,2024-02-21T10:50:13.937766,
ba88145e-c1be-439f-a890-ea4a2880b5fd,66,4,SIN ASISTENCIA,2024-03-02T04:46:09.674260,
56e74fab-028f-45cc-8a56-87e4d8468c15,66,5,GRABACIÓN,2024-03-06T18:01:52.665034,
ac0d44ad-91fe-4186-8505-dad6c7e475f2,66,6,SIN ASISTENCIA,2024-03-16T09:33:16.753484,
5e1e0e55-de0b-4100-9131-e63b7032e589,66,7,SIN ASISTENCIA,2024-03-24T22:26:21.986221,
d07f492f-b686-4025-bc24-9827a062aded,66,8,EN VIVO,2024-03-30T10:36:24.002104,
66a8af43-0565-4088-b0f9-e10f1ea8a62b,67,1,EN VIVO,2024-02-04T19:30:54.519800,
4b8def3c-c389-463f-b778-abd3e8c7f8f1,67,2,EN VIVO,2024-02-11T15:46:43.647993,
13684085-47bf-46ab-8171-1f5a70935374,67,3,SIN ASISTENCIA,2024-02-21T20:37:57.503184,
fe67263f-43e8-4e1d-bb48-909f5cf7a90d,67,4,GRABACIÓN,2024-02-29T23:02:11.054079,
334e2b65-be1e-4839-ae6f-0e6ad3f240a6,67,5,SIN ASISTENCIA,2024-03-09T14:07:10.825933,
50cefb51-0f54-4a46-9e15-a9ed85a6cc74,67,6,SIN ASISTENCIA,2024-03-15T20:10:54.412371,
0743e5ef-7a83-41da-b0eb-bdc10c997439,67,7,EN VIVO,2024-03-25T23:27:39.562895,
304705a9-3362-49ad-97b1-41236b05ab8a,67,8,SIN ASISTENCIA,2024-03-31T14:32:42.887270,
3e201ad1-0ca2-4944-bf50-1ffbaca92c7d,68,1,EN VIVO,2024-02-04T17:11:29.665255,
5162696d-0bf3-467a-a03b-b400595ca885,68,2,SIN ASISTENCIA,2024-02-12T11:20:12.524666,
1a6b4e40-60b6-4211-93fd-2def1a421b4e,68,3,EN VIVO,2024-02-22T08:56:11.099257,
493c9d0a-5d67-44a4-8b81-bd9c65551aa3,68,4,SIN ASISTENCIA,2024-03-01T07:48:26.480910,
f134df58-e1f8-4670-8f9d-0b9ea8c8c0dc,68,5,SIN ASISTENCIA,2024-03-08T17:04:25.224872,
da41da0e-2fa0-4d17-aa5f-f0ab873e122b,68,6,SIN ASISTENCIA,2024-03-15T04:20:04.578712,
e3360665-48e5-4671-9d57-9ff03fe3c9c3,68,7,EN VIVO,2024-03-22T11:55:01.520670,
457bd901-6281-4ab0-a2b3-2d0d99e5d37b,68,8,SIN ASISTENCIA,2024-04-02T19:35:42.461216,
5ec7aa3e-8f97-4366-b05e-2a7a19eb093e,69,1,EN VIVO,2024-02-04T20:55:02.872553,
e34f0019-de31-426a-952d-9a2bcddb8eac,69,2,GRABACIÓN,2024-02-12T07:33:01.437150,
c531fcf4-c46e-486b-8899-5103dd62319f,69,3,EN VIVO,2024-02-19T13:29:49.377518,
e7ccb9a0-c985-471b-bc0a-e82d945d29e0,69,4,SIN ASISTENCIA,2024-02-29T19:24:33.825361,
ffc60950-3efd-4eba-90a9-f9898f339e4c,69,5,EN VIVO,2024-03-10T02:20:02.268145,
a8b231b3-e738-4641-8e85-26d6f3a2c1a6,69,6,EN VIVO,2024-03-16T16:38:37.696850,
b0489fe7-2044-4bcf-ae51-e813a3b95fdc,69,7,SIN ASISTENCIA,2024-03-22T15:58:24.219930,
bf7c6bef-bcce-44d3-a1f8-cf8ab90cba64,69,8,SIN ASISTENCIA,2024-04-02T19:44:23.030629,
b7306122-5762-48f7-a20a-dc287897ef03,70,1,EN VIVO,2024-02-06T16:02:56.880698,
a67dc1f7-d486-42d6-829b-10692e69bbb6,70,2,EN VIVO,2024-02-14T09:46:29.659688,
166f4563-3c49-4787-96d9-5c0609aa4119,70,3,EN VIVO,2024-02-20T16:47:03.538974,
6e3c4858-0386-4945-a23a-6bba97791ce6,70,4,SIN ASISTENCIA,2024-03-02T04:10:55.461503,
6d8fb157-0354-40a6-99ab-98ad29c382b0,70,5,EN VIVO,2024-03-07T20:22:27.880588,
fcd4f5e6-fc2e-4148-96aa-c0da01b70aec,70,6,SIN ASISTENCIA,2024-03-16T01:12:24.677158,
3c2ab17a-7237-42ef-a077-14077c15e47d,70,7,SIN ASISTENCIA,2024-03-25T15:37:05.938040,
53dd9f86-05f1-4005-8bb1-8d0487159cc5,70,8,EN VIVO,2024-03-31T06:51:12.219672,
7238dcd1-4df9-494d-9ed6-f956273e5b92,71,1,GRABACIÓN,2024-02-04T17:42:05.739550,
42ce37cf-393b-4c44-b80a-3228c95a4c9b,71,2,EN VIVO,2024-02-11T18:05:50.679212,
7d3c8974-7abc-4d44-ad39-dc28c9a329ac,71,3,SIN ASISTENCIA,2024-02-22T22:01:39.391252,
6a7a9561-12e3-4fcb-8db7-af473bd1523e,71,4,GRABACIÓN,2024-03-01T14:01:35.444580,
5f558be5-fec2-4a09-b0df-9e51004a3078,71,5,GRABACIÓN,2024-03-07T00:00:52.305387,
59d95eae-40fa-4ff1-823d-4c17382514e2,71,6,SIN ASISTENCIA,2024-03-15T08:27:13.322082,
a292b156-482c-4d44-80c7-5e8c33bf1f72,71,7,SIN ASISTENCIA,2024-03-22T20:29:48.906198,
6ce54da6-4d43-41cb-9ae6-9621c4ec4ee2,71,8,GRABACIÓN,2024-04-02T23:47:34.802950,
0cb02e4e-dca9-43a1-b14c-9080bca8034b,72,1,GRABACIÓN,2024-02-06T20:11:25.493491,
dbe39787-a64f-40d7-82a7-408f4bda60e5,72,2,EN VIVO,2024-02-14T04:36:09.001553,
e48308d7-4761-4689-b493-76456e05bc6d,72,3,SIN ASISTENCIA,2024-02-21T22:36:40.736767,
59ee116f-b38b-4b58-a712-4f2476b46fe1,72,4,EN VIVO,2024-03-01T02:53:07.432588,
d558719f-131e-4b7c-b53a-2a040c91ba97,72,5,GRABACIÓN,2024-03-09T05:33:09.985338,
d4cbd58c-0ec0-486a-9402-fa54324a5abc,72,6,SIN ASISTENCIA,2024-03-16T04:43:18.464569,
2428b697-6c30-48aa-975b-08cf07bb784c,72,7,SIN ASISTENCIA,2024-03-22T10:38:33.009271,
4b6b204c-c342-4ce7-9f54-ed288dbfa12a,72,8,GRABACIÓN,2024-04-01T21:00:51.035902,
a7959056-09b1-40a0-870d-d5ec2e8737a6,73,1,EN VIVO,2024-02-05T08:24:45.943109,
2b8ce8ae-e8d5-4451-a01e-3fd3cc97ef27,73,2,EN VIVO,2024-02-13T20:46:33.218495,
a6f78e9c-5a13-499b-8d96-5c49362bf44f,73,3,EN VIVO,2024-02-20T04:43:43.999666,
8368cd87-31f5-4322-aae8-3ba80dab2652,73,4,EN VIVO,2024-03-01T23:04:42.274377,
66bece89-1e4b-4b1e-9a24-09662295ca75,73,5,SIN ASISTENCIA,2024-03-08T01:50:16.611253,
9ac34d5a-9939-4b58-947f-7296d471ab0e,73,6,GRABACIÓN,2024-03-16T19:19:16.910876,
ec442c68-ffb1-4ae7-b3e8-12370cb99b6e,73,7,EN VIVO,2024-03-24T11:09:15.677207,
023d35c5-cb42-481b-8c1e-79bbd1d83643,73,8,EN VIVO,2024-04-01T05:38:35.035290,
2b57981e-65f6-4dca-b01c-b4e7264b90f1,74,1,EN VIVO,2024-02-05T12:28:30.229500,
f6ba5bfc-191d-4d96-b63b-7c0fc9a0f1b4,74,2,SIN ASISTENCIA,2024-02-11T14:11:27.153082,
0fcb810f-338f-494f-a4d6-6f20c645445e,74,3,EN VIVO,2024-02-20T04:29:21.719630,
d838a375-ecd4-4315-9d98-801b65627f52,74,4,SIN ASISTENCIA,2024-03-01T11:05:55.964598,
da103348-9883-4682-9541-87215b1fe1fa,74,5,EN VIVO,2024-03-09T22:37:43.252579,
e92b2a8b-c326-432a-84f4-2ee30e10a7b4,74,6,SIN ASISTENCIA,2024-03-17T13:36:15.912265,
4d007d79-d5a3-4891-b034-9a470471e049,74,7,SIN ASISTENCIA,2024-03-22T20:59:45.490221,
64ca8e5f-680b-4c01-8add-0667bbbd4413,74,8,SIN ASISTENCIA,2024-03-31T10:50:53.511228,
e3c3e97b-9759-48cc-a7e1-1b4e8fc78ea0,75,1,GRABACIÓN,2024-02-04T12:39:58.253959,
7674f346-27a4-44b8-8297-44f8bc3ead48,75,2,EN VIVO,2024-02-13T20:55:54.951891,
4286f5cc-a479-4e3c-9563-2841c65925b2,75,3,EN VIVO,2024-02-22T13:24:51.106988,
cd0d3511-fcb3-4a3c-8ac5-ba32c38d352d,75,4,SIN ASISTENCIA,2024-02-29T05:57:33.484862,
44a97bde-33f8-466a-a433-5e939feee293,75,5,EN VIVO,2024-03-08T12:09:32.465988,
95f49b0d-e16b-4d15-9654-99d3afee7f67,75,6,SIN ASISTENCIA,2024-03-17T04:38:34.958740,
3fe5b5dc-3845-46a4-b907-a9935474d00f,75,7,SIN ASISTENCIA,2024-03-22T17:24:44.858826,
3b9a3804-20a3-4ff9-8011-3730bf96aa81,75,8,EN VIVO,2024-04-01T01:21:26.538081,
d0769d86-f06f-412f-9f2b-887a8af1f75d,76,1,GRABACIÓN,2024-02-05T09:20:57.424751,
cd3ba342-e68d-43ec-b8a5-fc8f79f5a840,76,2,EN VIVO,2024-02-15T04:16:42.627718,
60167740-ce0a-4bea-a237-3cd6c112ac4d,76,3,SIN ASISTENCIA,2024-02-20T06:50:36.803675,
b47126c4-bd21-4ded-b80a-5f1c654b1a61,76,4,EN VIVO,2024-02-29T03:32:10.140907,
5fbeb41a-2eef-49ba-81a2-31b45315f2b5,76,5,SIN ASISTENCIA,2024-03-08T02:17:39.826305,
3e55f3ef-c0c1-42a5-917c-8106b50c5113,76,6,SIN ASISTENCIA,2024-03-15T21:51:42.042756,
7c1dcae8-ed23-49d0-b52b-5edd3b7a9072,76,7,EN VIVO,2024-03-23T08:39:16.016004,
f64a7e3f-6133-4a98-8833-23f7a60e2765,76,8,SIN ASISTENCIA,2024-04-01T12:28:05.902339,
bddf0a6a-6ec1-42bd-a449-da6660d94872,77,1,GRABACIÓN,2024-02-06T17:33:07.243011,
664611c6-a69d-4263-b9f7-3092d09ae44c,77,2,EN VIVO,2024-02-15T08:52:25.153987,
55487f54-0f06-48f7-90d3-911c4858c30d,77,3,GRABACIÓN,2024-02-22T09:45:30.545946,
839e6e5c-29bb-44f9-8d5b-a1f7937d8523,77,4,SIN ASISTENCIA,2024-02-29T05:52:34.454455,
f2a0345f-2adc-41f1-b118-9ade1ea78b9b,77,5,EN VIVO,2024-03-07T11:43:56.488115,
fad8122a-acc3-47e5-b8c6-1f73dc4a5200,77,6,SIN ASISTENCIA,2024-03-15T21:26:16.905244,
e70d4fab-25b5-468b-bfff-8bb9ff010734,77,7,SIN ASISTENCIA,2024-03-23T18:28:27.654898,
1ae008dd-13dd-4347-893c-5f8a9d8501f1,77,8,SIN ASISTENCIA,2024-04-02T19:06:53.809949,
eb6fc234-5547-475f-a47d-5388d7c8eb3f,78,1,EN VIVO,2024-02-04T08:39:20.615585,
b3774d8b-e326-4793-94de-3d6a9eb55b51,78,2,SIN ASISTENCIA,2024-02-11T18:51:28.092021,
79935994-20a4-48d9-9c0a-bb36ab79f18d,78,3,EN VIVO,2024-02-22T05:20:46.632679,
4e98f72c-dd72-4c75-81e9-bffb2b1decc9,78,4,SIN ASISTENCIA,2024-02-27T11:48:03.873764,
c295d3a1-b87a-49e1-9513-e547473e6a03,78,5,SIN ASISTENCIA,2024-03-09T19:44:48.703069,
7ea911d3-2d27-4600-93ca-e7f941409711,78,6,GRABACIÓN,2024-03-15T12:19:29.084083,
05ab79ec-2c00-45e8-8c11-e183a2f7fbee,78,7,SIN ASISTENCIA,2024-03-23T02:34:27.382795,
7b0572b6-55d9-4c56-9c9b-28e13e144390,78,8,SIN ASISTENCIA,2024-03-30T07:27:52.791532,
b27f2856-78d1-4094-b1cb-8ad91d8dfaf6,79,1,EN VIVO,2024-02-04T13:06:26.538373,
a1915737-27dc-4575-8847-2886a72fd2b9,79,2,EN VIVO,2024-02-14T14:51:27.869114,
5271a777-e9bf-4f01-9dfa-bdb920f1e2c0,79,3,GRABACIÓN,2024-02-22T22:51:02.491508,
188bf74b-1bdc-4c01-8cd1-d763f35a550b,79,4,SIN ASISTENCIA,2024-02-27T23:54:57.501370,
74590027-e7be-4ab7-a095-81923425c379,79,5,SIN ASISTENCIA,2024-03-07T13:36:23.770077,
e7217d56-7a8e-4a19-9d46-47a252f6f359,79,6,SIN ASISTENCIA,2024-03-15T04:42:52.322217,
b8c85a7b-d1c6-40c4-b0aa-cef09f40b2b6,79,7,EN VIVO,2024-03-23T15:40:11.171921,
c48a9ab3-8ea3-4a5f-a817-0b81fcc552d7,79,8,SIN ASISTENCIA,2024-03-30T03:46:52.925726,
d71ddbee-902a-4e90-9c41-32ac862df34a,80,1,GRABACIÓN,2024-02-06T15:07:37.354181,
c2d5d15f-489f-49f8-a655-b2e9e8080431,80,2,GRABACIÓN,2024-02-11T21:05:59.794657,
010ce513-fa43-462d-935b-54f5e355a854,80,3,GRABACIÓN,2024-02-22T10:04:17.441463,
122f498d-dc73-46e4-84e8-d6a1f8c4af24,80,4,EN VIVO,2024-02-29T04:02:07.869669,
38844f4a-3123-4ea2-80a4-8f6e6591916c,80,5,SIN ASISTENCIA,2024-03-08T16:27:07.841861,
fcc112cc-4db5-46f5-9e66-71f83f16fe4b,80,6,SIN ASISTENCIA,2024-03-15T11:30:08.289205,
2138b557-fb29-4668-8b67-b4866f34f7f0,80,7,SIN ASISTENCIA,2024-03-25T07:11:29.560030,
3ffb3d6c-93fc-4de8-8e0e-f5596885f78c,80,8,EN VIVO,2024-03-30T01:34:45.536498,
f1f6ae28-6ded-4404-8e16-f8205245bfa6,81,1,GRABACIÓN,2024-02-04T04:17:16.840055,
e27eab1b-2a01-4a21-8b38-ec6f4f67136f,81,2,EN VIVO,2024-02-11T13:16:18.973353,
18c954b2-6194-4da4-b719-451e8a220726,81,3,SIN ASISTENCIA,2024-02-22T11:21:16.706456,
d7bd8f54-8869-41ea-bc5e-b4cba4ca25ed,81,4,SIN ASISTENCIA,2024-02-28T12:45:24.658314,
8794d30e-8bae-463e-8747-2c816409e87f,81,5,EN VIVO,2024-03-07T09:11:54.107042,
9e3f9454-f340-41bb-b6ed-c507a3d93c92,81,6,GRABACIÓN,2024-03-14T22:42:03.571211,
d1c2c700-2a06-49bf-b7a9-7ac7b5c76563,81,7,GRABACIÓN,2024-03-23T21:04:03.419651,
5decb778-b407-4a2a-a724-dd3b552aa75d,81,8,SIN ASISTENCIA,2024-03-31T19:04:59.126451,
4711aaa8-9fba-4cbd-846d-cce615ac24d9,82,1,EN VIVO,2024-02-05T11:35:00.597826,
9e1f4a68-2806-49a6-a9e5-d00c116d511a,82,2,EN VIVO,2024-02-12T07:23:16.654447,
fdaa44f5-63c6-4e84-86a0-2c2ec9bd4356,82,3,SIN ASISTENCIA,2024-02-20T17:21:49.807829,
39eda31d-dd0e-4ff4-b34b-63ef826f72df,82,4,EN VIVO,2024-02-27T08:56:44.082668,
7bc9cb4c-8afc-4650-b705-efd74a006f77,82,5,GRABACIÓN,2024-03-07T17:17:42.737427,
4a5b5972-e52b-4fef-bf24-c9ac34aa8363,82,6,SIN ASISTENCIA,2024-03-15T22:28:45.939392,
654c6e01-0521-41d0-93f9-c05b020eacf0,82,7,GRABACIÓN,2024-03-22T09:49:33.513119,
ac4c8850-f9da-4d9b-af43-0b4583d22200,82,8,SIN ASISTENCIA,2024-03-31T22:57:30.797545,
227d7bca-e1f5-4b94-9b9f-5cb5b74ba2f2,83,1,GRABACIÓN,2024-02-04T23:10:22.245514,
c7371892-5d9b-4396-9e99-1eb38d0a538a,83,2,EN VIVO,2024-02-15T06:49:07.142167,
309af467-0a6d-4813-b122-fa7a64de0e6f,83,3,SIN ASISTENCIA,2024-02-22T12:09:57.928298,
2c001115-d7d4-4659-8d9c-86aacf65211d,83,4,SIN ASISTENCIA,2024-02-27T14:54:15.858022,
d8465e74-4819-4aa9-a539-d3960645b156,83,5,SIN ASISTENCIA,2024-03-07T10:42:19.893460,
dbbdab2e-5a36-480a-84ad-98f70844681e,83,6,SIN ASISTENCIA,2024-03-15T03:05:53.272450,
3f91eab1-8939-4564-92a7-b8f2099e4eed,83,7,SIN ASISTENCIA,2024-03-23T11:01:18.991550,
274cac5c-fc72-4174-ad7f-ca9062cb9886,83,8,GRABACIÓN,2024-04-02T11:58:56.576442,
200b60d3-6977-446c-8642-f88c2f5fb8fd,84,1,EN VIVO,2024-02-05T22:44:06.563737,
c9bea2cf-38d7-4eef-a642-059cab020599,84,2,EN VIVO,2024-02-14T22:35:19.723384,
632a850c-e109-42a8-bb86-522dfdc3a0b9,84,3,EN VIVO,2024-02-21T20:29:24.449923,
00557577-df73-430c-a924-b7f43f80cd14,84,4,GRABACIÓN,2024-03-01T14:23:42.962175,
1da72e28-188d-4373-a2a7-cdc4507758de,84,5,EN VIVO,2024-03-09T21:23:04.185940,
0b4c4ff7-d474-473c-ba7a-cfe7547123c4,84,6,EN VIVO,2024-03-15T19:48:15.452477,
99990654-7e03-4cf7-ad0d-c0ae1aa8aa53,84,7,EN VIVO,2024-03-22T19:32:15.099348,
053cdcc6-fcee-40a8-8796-76f8751d0ff5,84,8,GRABACIÓN,2024-04-01T15:16:54.164789,
d8bbc6bc-20e4-4cae-a4f2-944f6efee236,85,1,EN VIVO,2024-02-03T22:55:41.926698,
a5cc4cb0-d7eb-45ca-b905-158d05df80a8,85,2,EN VIVO,2024-02-12T17:32:18.549054,
34e13bff-4042-4139-81ba-7f279b76de1f,85,3,EN VIVO,2024-02-21T22:32:38.730007,
78e87e45-48c2-455b-9c5c-9f7b3289899f,85,4,EN VIVO,2024-02-28T03:46:50.596075,
067e1945-d703-4a4a-9e47-ba1a995c6c6b,85,5,SIN ASISTENCIA,2024-03-06T14:33:28.425880,
063f9bf5-b7f4-4dcd-b26b-6204424a078c,85,6,SIN ASISTENCIA,2024-03-17T18:25:51.001849,
a9ccda6e-a08f-40be-ba17-69fedc7fd0fa,85,7,SIN ASISTENCIA,2024-03-23T03:12:22.962693,
4c370b6e-02b3-40ed-aef5-bfdff99254aa,85,8,SIN ASISTENCIA,2024-04-01T04:40:26.270120,
41b09c71-2d32-4d26-bb20-18da846fd376,86,1,GRABACIÓN,2024-02-04T17:05:30.852863,
88fdfbfc-1dec-44e6-a9ac-c8572522335f,86,2,SIN ASISTENCIA,2024-02-11T20:18:34.263003,
eccb1cd0-3e69-46c9-ba2a-43c983bbafc8,86,3,EN VIVO,2024-02-23T05:38:13.042169,
f6a79e21-08c9-433e-b150-b65ffdd95eac,86,4,GRABACIÓN,2024-02-28T00:49:37.803552,
5a16981c-16ab-4939-8c9d-e4a4d37f485a,86,5,SIN ASISTENCIA,2024-03-07T15:09:17.820396,
bfca3a65-945d-4a20-a721-e9f2f3fa6f6c,86,6,GRABACIÓN,2024-03-16T06:55:12.673708,
9766f271-983e-468d-ad2f-a0ec265721da,86,7,EN VIVO,2024-03-25T19:58:12.213435,
fdb3e8ce-ad39-4458-8873-ada0e8245cb8,86,8,SIN ASISTENCIA,2024-03-30T06:36:25.445267,
1ffc43c0-7ef0-4dc6-bd62-a6f35ad7de83,87,1,GRABACIÓN,2024-02-07T01:36:26.986909,
c34246b4-5cf8-4d46-8f05-e495f226fb05,87,2,GRABACIÓN,2024-02-11T08:41:05.205822,
ac183669-b8c0-4484-8661-fc2cf472b345,87,3,EN VIVO,2024-02-23T01:34:38.728302,
247f77c8-6493-4908-9fa1-5f506835e9e1,87,4,SIN ASISTENCIA,2024-02-27T11:34:34.170223,
aecb8aea-37c5-42ba-912c-34ef2e56d355,87,5,GRABACIÓN,2024-03-09T07:48:51.406396,
bf2f0307-05da-459a-999b-19f7746c9e1c,87,6,SIN ASISTENCIA,2024-03-15T03:42:31.020568,
9006fea9-6dd5-41ec-b14a-4bbdcc70eac2,87,7,SIN ASISTENCIA,2024-03-23T12:33:12.018301,
43f08501-a428-45c2-8cd3-dd2b4d483a76,87,8,SIN ASISTENCIA,2024-03-30T08:33:04.252777,
28f5af14-3f16-4040-8dda-fbd564f24c29,88,1,GRABACIÓN,2024-02-05T10:11:20.488253,
290a0023-e0dc-4a8c-b3a1-fea32aa9b521,88,2,EN VIVO,2024-02-14T09:11:18.916364,
36dd6431-3de8-4476-9c25-9d3173f28976,88,3,GRABACIÓN,2024-02-22T22:44:33.249167,
d2ad41da-11de-4398-ab01-f288ddbd78f8,88,4,GRABACIÓN,2024-02-28T21:23:57.970110,
b4784a2f-fd59-42cb-8413-5fa259273664,88,5,EN VIVO,2024-03-08T14:59:12.572295,
f2733a59-4f57-4abe-88ff-fb4308f146e0,88,6,SIN ASISTENCIA,2024-03-17T08:31:58.014628,
5cde7728-cee2-4d4b-9af6-55738c6ec47f,88,7,EN VIVO,2024-03-26T01:14:49.735424,
80145045-9c2c-4824-9445-d84e9159cba7,88,8,SIN ASISTENCIA,2024-03-31T12:01:15.269980,
7243b498-d092-4f29-b6be-d20f0853cec8,89,1,GRABACIÓN,2024-02-03T17:35:01.494496,
a585459d-f2e1-4154-9599-d19094a350c6,89,2,EN VIVO,2024-02-13T10:12:25.443740,
e39449c0-9ec2-4982-b57f-692fc8822977,89,3,EN VIVO,2024-02-22T12:30:19.417813,
a2e8c41d-20fa-4d17-ab4e-57cb60ec422e,89,4,GRABACIÓN,2024-02-28T18:37:16.740416,
a48d3b98-f171-47a8-860a-6ff40bc4990e,89,5,SIN ASISTENCIA,2024-03-07T17:54:35.193534,
660339d4-ac5c-4eb4-a5e8-b279a2b24dfb,89,6,SIN ASISTENCIA,2024-03-17T09:37:27.521424,
69f0b07c-2e1e-4242-a0df-f1753a694a42,89,7,SIN ASISTENCIA,2024-03-22T13:43:07.571323,
7e7a03c8-b4dc-4eec-a997-cac528c781e3,89,8,GRABACIÓN,2024-04-02T13:17:41.201536,
b16b437d-9aeb-4604-9fb2-04cf0590fee5,90,1,EN VIVO,2024-02-03T16:59:36.827444,
b87281bf-aeea-428f-a0d8-d2afb0c2566d,90,2,GRABACIÓN,2024-02-14T16:29:56.921913,
904f479e-20c4-4e66-956e-41b153acf7d0,90,3,SIN ASISTENCIA,2024-02-20T10:31:59.845895,
7067b95b-79cb-48ef-9242-410f52b465ad,90,4,GRABACIÓN,2024-02-28T05:58:47.702308,
d2bcb352-cb0d-476a-b664-376fa3801da8,90,5,EN VIVO,2024-03-10T02:17:02.893241,
8eaed14e-987c-458c-acf5-6edcbe7b64cc,90,6,SIN ASISTENCIA,2024-03-15T00:26:22.980819,
fe63f2bb-778b-476c-ba77-0c06226de9da,90,7,SIN ASISTENCIA,2024-03-23T07:09:56.370841,
e95dfc21-7839-4958-b132-51c11252017a,90,8,GRABACIÓN,2024-04-02T10:13:58.740077,
da2f0f99-650c-4814-b735-850ba8ce5957,91,1,EN VIVO,2024-02-06T07:00:48.915731,
ee0107a8-1105-4bdf-93f0-379665ede631,91,2,GRABACIÓN,2024-02-14T13:21:24.150251,
9630c9c4-58f6-47ea-9354-918fca5c57b5,91,3,EN VIVO,2024-02-21T18:35:45.572836,
474fc5ce-24ed-4842-859c-a95575d54590,91,4,SIN ASISTENCIA,2024-02-29T13:46:32.818091,
e06570f1-9a1e-45af-bd5c-0d1b32c5560a,91,5,SIN ASISTENCIA,2024-03-07T19:57:01.740239,
49d06560-e9bd-498e-988c-67a2ba96594e,91,6,EN VIVO,2024-03-16T14:22:51.401010,
4eb1368f-d1bf-40a7-af4f-4dcbf9941c39,91,7,SIN ASISTENCIA,2024-03-23T03:26:09.585020,
fa4be2e1-fcc2-4c88-8f50-cecb745a64a7,91,8,SIN ASISTENCIA,2024-03-31T15:36:58.308979,
824fdbbc-c0c4-488e-9625-bff812bd2c6e,92,1,EN VIVO,2024-02-06T22:53:28.962197,
d6cb35d4-dff4-42e0-9aa9-e1b213ec0137,92,2,EN VIVO,2024-02-13T22:38:11.726426,
6b939ee6-5050-4ca5-acbc-c6cc1246a70f,92,3,EN VIVO,2024-02-19T10:57:12.012915,
8ec98f0d-05d6-42e5-b8c9-bff11ed35977,92,4,SIN ASISTENCIA,2024-02-28T22:31:49.472667,
cc26edc9-4605-47ff-9c08-5a7b9eed87e9,92,5,SIN ASISTENCIA,2024-03-07T22:14:30.910304,
07fb6386-acc9-4258-921f-8a4278e37d14,92,6,SIN ASISTENCIA,2024-03-16T17:15:44.643608,
d0c6e103-d7f2-49db-a52a-92a76f75c31d,92,7,SIN ASISTENCIA,2024-03-25T01:47:23.011221,
1c2b5092-bdf9-41b2-9bb6-c6870f35d2d8,92,8,SIN ASISTENCIA,2024-04-02T02:42:36.893676,
6296a30a-8992-41f5-9af4-6a7be1685c12,93,1,GRABACIÓN,2024-02-05T12:34:11.979676,
54f2f70f-3984-4910-8eca-1b878c5a3616,93,2,GRABACIÓN,2024-02-13T21:27:22.632895,
9b4fc967-900c-44d8-bf08-4bc43963584d,93,3,SIN ASISTENCIA,2024-02-21T22:31:36.780726,
efa45a2c-878f-4fbd-9397-0ad26e9e8864,93,4,SIN ASISTENCIA,2024-02-29T03:32:29.847032,
871be767-5d23-4027-92c4-f9e1c796b992,93,5,GRABACIÓN,2024-03-08T03:54:47.868968,
1a40105b-82b9-42bf-b9f2-b7d0bb369a6d,93,6,SIN ASISTENCIA,2024-03-14T19:31:22.049270,
55b055e6-e009-4740-95b0-a3032004aa11,93,7,SIN ASISTENCIA,2024-03-22T05:28:01.757812,
839f9d77-af71-476b-a423-984b81106ec6,93,8,SIN ASISTENCIA,2024-03-30T14:17:18.721765,
50763b57-5e64-43d2-9978-0cce9c87abc8,94,1,GRABACIÓN,2024-02-04T20:09:01.208708,
31252076-eb6f-427b-bd7b-e6d7edd1a1da,94,2,SIN ASISTENCIA,2024-02-15T02:50:59.867070,
347aed60-f4c1-49a5-ab9b-0ddb78bfc634,94,3,GRABACIÓN,2024-02-20T11:30:51.808448,
a68b522e-95e5-48b4-805d-f7391be68baf,94,4,SIN ASISTENCIA,2024-03-01T01:56:29.706160,
b1e7b89e-6cd7-4af9-9cc3-f76d0b5535d7,94,5,GRABACIÓN,2024-03-08T15:40:46.936561,
16ba8878-a44e-4046-b5fb-2435a1fc83f8,94,6,SIN ASISTENCIA,2024-03-16T23:31:56.968567,
5913f5d8-a0cf-447a-bbab-441006344c8b,94,7,SIN ASISTENCIA,2024-03-24T23:46:48.014566,
8306dcd9-560b-48a1-a456-8787140a1ba9,94,8,GRABACIÓN,2024-03-31T20:14:04.579606,
1384d57d-77ea-4146-8914-4928c7146481,95,1,EN VIVO,2024-02-04T05:07:36.980616,
be9f7a64-a49b-4bcd-87c2-868085c0784a,95,2,GRABACIÓN,2024-02-13T21:56:59.573209,
6fd2cbbb-9403-4275-8c74-a9a60a7a7c34,95,3,SIN ASISTENCIA,2024-02-21T07:41:57.757693,
a26add5f-ee41-4500-9144-9852e3763d48,95,4,SIN ASISTENCIA,2024-03-02T02:03:23.113524,
86e0cd21-531b-46ff-ad09-110750531709,95,5,EN VIVO,2024-03-10T01:15:06.231501,
61ef7c28-cae6-462b-9d6f-c122452cd837,95,6,EN VIVO,2024-03-14T07:47:59.631398,
421801cf-8e8d-42a7-84bb-710fbd99eb7a,95,7,SIN ASISTENCIA,2024-03-25T14:05:23.427537,
9fed172f-7754-4a12-a2c8-6e7e482c6252,95,8,GRABACIÓN,2024-03-30T14:45:42.360589,
b96d11f6-4587-4e7e-a406-1fb4e0127033,96,1,EN VIVO,2024-02-07T10:36:54.848012,
b6a53480-6595-4e44-b08f-5e7dc4f57ea6,96,2,EN VIVO,2024-02-12T13:12:52.386653,
c91d3fd0-b790-4509-8277-191963651878,96,3,EN VIVO,2024-02-22T22:41:37.530208,
8b127058-9372-4b61-ad08-0df07e98f178,96,4,SIN ASISTENCIA,2024-03-02T08:41:36.201154,
e9da7349-1f08-4760-850c-df15240fe2b3,96,5,SIN ASISTENCIA,2024-03-09T22:00:19.916388,
2d02ec24-c8b4-4ea0-b768-c7d0c3d1b4e9,96,6,EN VIVO,2024-03-14T14:12:49.294997,
ef596af2-d78c-40da-b078-007513e83273,96,7,EN VIVO,2024-03-23T01:44:59.949736,
68022cf0-e77b-40a3-8854-0bad8d22fa14,96,8,EN VIVO,2024-03-31T11:53:54.664880,
9fa5ca8f-ebff-49ba-92f6-b653675063b8,97,1,EN VIVO,2024-02-04T06:12:40.964154,
37168204-e476-4260-b301-36683e567c76,97,2,EN VIVO,2024-02-15T04:20:54.640487,
a7f605b4-27ad-4121-89a3-4d47a8ea11b4,97,3,EN VIVO,2024-02-19T08:11:58.933387,
70a2028b-f764-452c-a4a9-f4206df6fd53,97,4,GRABACIÓN,2024-02-28T14:44:54.468532,
e3471fb2-3d13-4aca-bafe-add63ab6b45f,97,5,SIN ASISTENCIA,2024-03-09T07:45:56.668172,
a3b9b83d-3fbd-426f-9ba0-5aa4caa0e136,97,6,SIN ASISTENCIA,2024-03-14T09:23:30.079934,
1d1864da-885d-42f6-a0b3-4874771c5816,97,7,EN VIVO,2024-03-25T15:32:25.418932,
ada9c45b-84f3-4d33-9b4f-d93761be2151,97,8,SIN ASISTENCIA,2024-04-01T22:10:27.947530,
33574d5b-2132-4ab9-bd15-6bbdc4ac6119,98,1,EN VIVO,2024-02-07T09:33:02.553752,
c6fc4623-3ecd-4139-a646-92d05ec936e0,98,2,EN VIVO,2024-02-12T03:55:46.809128,
30a78bf9-9588-4436-9c01-137418243bb9,98,3,EN VIVO,2024-02-22T23:02:31.854560,
3417c597-5af4-4202-b20a-c3258ae92f41,98,4,SIN ASISTENCIA,2024-03-01T20:11:27.523683,
784447ac-1f7d-4069-80ef-42fa125353d3,98,5,GRABACIÓN,2024-03-09T15:16:58.901022,
f7e16f7d-309a-4277-927f-1f9912506f69,98,6,SIN ASISTENCIA,2024-03-17T09:17:45.314389,
596ea551-2a7c-4024-aebe-39e567d0a4b3,98,7,SIN ASISTENCIA,2024-03-22T03:00:13.719055,
7e9b5ab0-131b-4743-b31a-0243f56a4d4b,98,8,GRABACIÓN,2024-04-02T11:12:13.476357,
a0728a34-6d32-4b6c-afc1-985d913c50e9,99,1,EN VIVO,2024-02-05T22:22:18.000311,
c2249148-b5fd-4d68-8923-4a9d05be5ae7,99,2,GRABACIÓN,2024-02-13T06:14:12.994492,
5e417d71-fed0-4c51-8848-426dfc04997d,99,3,GRABACIÓN,2024-02-19T21:45:56.677284,
1fc09560-aa98-49b4-9f0a-a08e5838af04,99,4,EN VIVO,2024-02-28T16:31:04.556639,
c624fc69-37fc-4a24-a6c2-69c47d78d6ad,99,5,GRABACIÓN,2024-03-09T21:18:00.397680,
49cd4506-4392-4c2a-ac43-f7bf76774cdc,99,6,SIN ASISTENCIA,2024-03-15T06:27:59.756339,
f28aaa4b-ef75-465e-b0a7-c43c4ddcbac7,99,7,EN VIVO,2024-03-25T10:09:27.145294,
7704f744-1441-4ad3-98f5-c680a938b265,99,8,SIN ASISTENCIA,2024-04-01T04:14:37.687306,
3f172825-621b-4d3e-87b1-3a86605a10a1,100,1,EN VIVO,2024-02-03T18:32:33.635770,
b08cb607-2285-40d7-9dd4-c4a2f0a8bf8e,100,2,EN VIVO,2024-02-12T05:15:06.463238,
bf6bc6f3-4240-4e17-86fd-d729dc54d5f0,100,3,GRABACIÓN,2024-02-20T19:45:27.215740,
23872f03-63a0-4dfa-be7d-aa4576dcc7ee,100,4,SIN ASISTENCIA,2024-02-28T14:14:37.392336,
91748b99-6ae7-45ae-8ab7-30ab8d972e04,100,5,SIN ASISTENCIA,2024-03-07T16:03:21.429571,
5fa16e93-4c3c-4c0e-8d3a-849b2cfa79f9,100,6,EN VIVO,2024-03-14T18:32:26.821706,
28f59534-aa65-4ec6-8853-4cd20241e7d4,100,7,SIN ASISTENCIA,2024-03-23T21:13:00.622600,
76b8421c-2486-4757-ac7c-dbb5ab81f1c4,100,8,EN VIVO,2024-04-01T02:04:57.189419,
03d59a46-94c8-4cbe-a527-1a89bb4b9fb1,101,1,EN VIVO,2024-02-05T19:54:09.199514,
600fbd19-58ee-4d41-82d8-8ca65385070c,101,2,EN VIVO,2024-02-12T08:27:58.722431,
6b1ed71c-3095-452e-9439-41a799dc698e,101,3,EN VIVO,2024-02-22T01:02:29.023433,
32cb9d37-162b-4e32-aa35-86aebba6fe7e,101,4,SIN ASISTENCIA,2024-02-29T19:01:23.652590,
114c9d6a-cd38-4259-a968-8d05f7a100b3,101,5,SIN ASISTENCIA,2024-03-08T01:13:41.811606,
6dfc679b-c5eb-40be-9bfc-5057b50ab95e,101,6,SIN ASISTENCIA,2024-03-16T12:35:44.085831,
233614f9-46da-4ca8-9643-2279d1ff6ee0,101,7,SIN ASISTENCIA,2024-03-23T23:03:07.894703,
b7b9e74c-5c55-424e-95b5-21a1c5a85ce3,101,8,EN VIVO,2024-03-31T07:26:21.906721,
9921e2f5-0082-4728-b472-f1d8a35bfcf5,102,1,EN VIVO,2024-02-06T19:46:14.309941,
6c8f45fb-2bf1-4c92-b9fd-5c8147be3f29,102,2,SIN ASISTENCIA,2024-02-13T02:04:43.369608,
eedb9470-2d8f-4d69-9c7e-f91c659c942b,102,3,SIN ASISTENCIA,2024-02-21T02:13:48.319319,
5808d866-ab64-4786-901f-ecbab6e76930,102,4,EN VIVO,2024-02-28T22:03:40.289435,
70aa70be-52bc-4373-a62f-bdfce0b29789,102,5,EN VIVO,2024-03-06T21:04:18.074824,
eba37647-38ce-4a9d-99d7-269d726d69f1,102,6,SIN ASISTENCIA,2024-03-16T18:43:22.213610,
32fe33e9-4def-4a83-b06e-7cd53deb165e,102,7,SIN ASISTENCIA,2024-03-24T07:04:07.434812,
d82f530e-d9e8-410f-a9b1-9ba3966a2455,102,8,SIN ASISTENCIA,2024-04-01T11:06:18.312219,
f892f1c4-15eb-4d94-8e1c-7016ee15cd4a,103,1,EN VIVO,2024-02-05T07:41:23.749675,
8935d623-78db-440a-8578-b861a0534a1e,103,2,GRABACIÓN,2024-02-12T13:51:26.660161,
f6ff2aa6-d3a8-4fce-a6d7-c1f1e45db640,103,3,EN VIVO,2024-02-21T00:33:25.236688,
3afd0cf0-dbac-450c-9d28-d84a7c258e3f,103,4,EN VIVO,2024-02-29T05:37:13.473554,
e18a186a-1185-46ff-b5df-ca5c5e5dd69e,103,5,GRABACIÓN,2024-03-07T13:31:34.146441,
21f2aead-c6a2-4c2d-817e-dacad61981db,103,6,SIN ASISTENCIA,2024-03-17T03:33:36.996777,
52f599c9-a222-4d0a-9478-e26374b40d56,103,7,SIN ASISTENCIA,2024-03-25T01:55:12.071334,
89b52ca6-378a-4ae6-9371-2d22edc5c74b,103,8,GRABACIÓN,2024-03-30T06:10:47.515146,
e6d67dff-da51-415c-b85b-1a22a5d325be,104,1,EN VIVO,2024-02-05T20:20:45.987814,
46d37536-07b1-4c9b-a3b6-3a25694283eb,104,2,EN VIVO,2024-02-13T13:57:13.996125,
11ec25cb-0753-4ef0-a58f-0eddf963fef9,104,3,EN VIVO,2024-02-21T08:15:50.505705,
89e7fbca-d4c5-45cf-a321-4935407f68d3,104,4,SIN ASISTENCIA,2024-03-02T00:02:09.148312,
d7e2ca14-5411-45a7-b8c8-75d8ca50d56c,104,5,SIN ASISTENCIA,2024-03-06T18:19:08.024791,
ed44e96c-88c4-4777-8694-3839e417fbd4,104,6,SIN ASISTENCIA,2024-03-14T15:01:02.854807,
958a0c82-a016-460b-b07e-3bfdbef83e9d,104,7,EN VIVO,2024-03-22T03:54:05.282339,
964735ef-e04b-45ca-9a47-6553b838d4b7,104,8,SIN ASISTENCIA,2024-04-02T16:52:47.267787,
abe31076-d92c-482d-868c-8bbe41cd7021,105,1,GRABACIÓN,2024-02-06T16:56:46.704874,
540688ce-8612-4aba-9ed1-99d5607b7bd0,105,2,SIN ASISTENCIA,2024-02-12T18:11:54.132999,
b4075d6a-cb82-4776-b659-8c2c910f0e16,105,3,SIN ASISTENCIA,2024-02-19T16:52:39.246010,
08d0b1ab-3ad1-4397-a740-ee506dcbeeb2,105,4,SIN ASISTENCIA,2024-02-27T10:18:23.720230,
ae6a439e-fca0-44b3-a9d5-0396dbd0f201,105,5,SIN ASISTENCIA,2024-03-06T22:54:31.394665,
b20aee2d-ae3e-4dbe-b2fe-72d2b6adb156,105,6,EN VIVO,2024-03-16T07:10:16.573244,
1bc9390b-3e1c-45d8-b822-7168e10d8496,105,7,SIN ASISTENCIA,2024-03-25T13:07:39.388718,
58e254c4-8dc2-44a3-848c-0d277c12c530,105,8,EN VIVO,2024-03-31T17:41:42.290073,
434f3da9-8bd6-4dd5-8aac-9649e41ba316,106,1,EN VIVO,2024-02-03T16:29:08.903982,
c97d30eb-8415-4e11-8839-fe9dfe854cdb,106,2,EN VIVO,2024-02-14T17:21:59.889852,
7431c664-aaac-49c5-ba46-cd409a315832,106,3,SIN ASISTENCIA,2024-02-20T22:25:45.155838,
b06abdd9-f8c3-46b2-97bc-9ec17dd785a4,106,4,SIN ASISTENCIA,2024-03-01T03:46:41.194535,
aa51f032-bea1-4636-bb36-7dd72dce134b,106,5,SIN ASISTENCIA,2024-03-07T08:39:07.687964,
b2d96152-3dd8-41a4-bae8-ac53fc224622,106,6,SIN ASISTENCIA,2024-03-14T11:51:07.093040,
d8c828ef-dfe5-4029-a410-b577b18aacb9,106,7,EN VIVO,2024-03-22T13:37:12.357927,
05e6e000-aedd-4d59-992c-1f9c1e9faa9b,106,8,SIN ASISTENCIA,2024-03-30T06:43:23.700660,
f0f75c3c-3776-43ed-a771-e6c96a669620,107,1,EN VIVO,2024-02-07T01:33:47.979445,
f9fb7a57-1c76-4335-a28b-e1f5c205ff19,107,2,EN VIVO,2024-02-14T03:56:17.367102,
61bebfcd-20e9-4e59-bd80-d8548cfd4201,107,3,SIN ASISTENCIA,2024-02-19T13:37:36.750488,
8dc22a22-13d9-4f7f-993b-fc71f4d6e568,107,4,SIN ASISTENCIA,2024-02-27T08:32:48.756413,
ba599c75-3053-4e2b-b2f8-df74c18daeeb,107,5,EN VIVO,2024-03-06T11:07:02.661999,
83813c74-c810-4103-a7a3-e81206c28baa,107,6,SIN ASISTENCIA,2024-03-15T22:35:53.947532,
1a07a05c-b18c-4840-9e5b-e48f67e33b87,107,7,SIN ASISTENCIA,2024-03-24T09:05:50.940106,
952e3e41-ac4a-4765-8828-099946971102,107,8,GRABACIÓN,2024-04-02T07:24:30.196097,
090b28c6-5ed4-437f-981f-dcb6d03dfa2c,108,1,EN VIVO,2024-02-06T01:32:32.474357,
a866e946-9b6a-4088-a196-a21525025a85,108,2,EN VIVO,2024-02-12T13:06:02.471087,
a6e5366c-ed57-4804-9249-07ccbaf8a88b,108,3,SIN ASISTENCIA,2024-02-22T07:04:17.623801,
bf4e53af-ce5d-4a2d-9305-9f19923685b5,108,4,SIN ASISTENCIA,2024-03-02T01:52:47.742779,
8032e701-a332-4589-b7cb-097189801a41,108,5,SIN ASISTENCIA,2024-03-06T08:09:17.448581,
7230ba75-8b63-401b-87e7-e2981b181257,108,6,GRABACIÓN,2024-03-16T16:07:32.390675,
c3332c6c-ae2b-4c47-9eca-b53f5cc436a9,108,7,GRABACIÓN,2024-03-24T18:40:32.407689,
0a1881b2-4099-4210-8f8a-ad1258978f64,108,8,SIN ASISTENCIA,2024-03-30T07:59:56.664651,
fcf8d58e-719c-49f0-af43-e355536f1172,109,1,GRABACIÓN,2024-02-04T06:47:26.662785,
aa5229f7-1735-4218-b5bf-cb613dd18135,109,2,EN VIVO,2024-02-13T06:32:50.642930,
f084a9dc-8d12-45da-82ae-20bf49a3b1c7,109,3,SIN ASISTENCIA,2024-02-22T20:22:53.777447,
9444774a-e51a-4d7d-845a-89b6cb99cdec,109,4,GRABACIÓN,2024-02-28T23:41:24.014221,
d8505fa5-0611-4417-b31b-8084549b9b88,109,5,SIN ASISTENCIA,2024-03-07T17:59:58.686656,
172ebfae-61a6-403b-a30b-892d99c15386,109,6,EN VIVO,2024-03-18T02:31:28.591651,
d1dbc8eb-b3ce-48d0-ab18-4164f9d9bac3,109,7,SIN ASISTENCIA,2024-03-22T03:56:40.593571,
0fd6e02e-a5e7-406e-b5fa-c497d94d3e43,109,8,SIN ASISTENCIA,2024-03-30T16:08:40.192985,
be34670f-232a-43c3-b1c6-cc09d5f594e5,110,1,EN VIVO,2024-02-07T04:54:09.681956,
2d6da943-fc9d-400a-992e-0b3eb19890f3,110,2,SIN ASISTENCIA,2024-02-11T18:38:54.577123,
0197efbb-3813-41be-8484-7548ab15bf0d,110,3,EN VIVO,2024-02-21T04:47:05.530212,
f827f8cb-77b2-4d3c-a169-2527dbf1b873,110,4,GRABACIÓN,2024-03-01T11:04:27.697258,
1f23443e-d3f0-44da-85bc-6c39c433a726,110,5,EN VIVO,2024-03-06T20:34:48.046314,
7c77b4fb-134a-4b4f-9a74-a1799be8899b,110,6,SIN ASISTENCIA,2024-03-15T17:37:44.844579,
154605de-d32d-4926-abd4-84c5e2562bc5,110,7,EN VIVO,2024-03-25T00:16:35.531725,
8f75878b-9b16-447a-8381-5818bf1c5194,110,8,SIN ASISTENCIA,2024-03-31T13:18:03.845073,
4626998c-83bd-4a52-9d8e-4fc2fd063ff3,111,1,EN VIVO,2024-02-04T04:25:23.027436,
26c6d3e2-5388-49d6-b6e8-1244fa9d79c7,111,2,GRABACIÓN,2024-02-15T05:44:43.594399,
875a187d-8f40-4b5e-a4aa-6cbd8be59ff8,111,3,EN VIVO,2024-02-22T14:54:15.524475,
564db938-e9b6-4ae7-9f01-3b5df487a857,111,4,EN VIVO,2024-02-29T05:03:15.379730,
d1ddd57c-8777-46db-9fbc-9c5c7f8d5054,111,5,SIN ASISTENCIA,2024-03-08T13:55:31.966709,
3fd75e8f-9fed-49e6-b528-d66c1e728476,111,6,SIN ASISTENCIA,2024-03-16T14:54:33.579718,
3045caa6-60bd-4179-8c32-d20e395b9281,111,7,SIN ASISTENCIA,2024-03-23T02:05:26.718315,
b02fb444-16f3-4677-a0a0-d53716c4b99e,111,8,SIN ASISTENCIA,2024-04-02T01:37:13.057671,
00b169f5-bdb0-4390-b731-1583db971316,112,1,EN VIVO,2024-02-06T19:59:31.732439,
86a70a17-bca3-4d5e-8e2c-435d8aaaa5ef,112,2,SIN ASISTENCIA,2024-02-13T17:14:00.245989,
d0aea81f-b6ea-4dc6-87f4-f3e8b5c3a5a5,112,3,SIN ASISTENCIA,2024-02-22T05:03:46.372872,
c2e1b9b8-cd99-423d-9d92-43ca44243001,112,4,SIN ASISTENCIA,2024-02-28T11:17:19.060991,
e458cf37-8820-4bef-8819-2b2d002b7695,112,5,SIN ASISTENCIA,2024-03-09T08:13:16.391958,
7aaac8ad-1267-4335-af8b-c8937ad546f5,112,6,EN VIVO,2024-03-14T06:03:04.788653,
e1d49366-8082-4c9b-bab1-6170e62069c6,112,7,SIN ASISTENCIA,2024-03-22T08:12:10.469770,
28ed9459-6c21-4e72-a37e-90a324e7597c,112,8,SIN ASISTENCIA,2024-03-30T13:55:34.876438,
3838c835-d17d-4b5c-947a-093c657f2c85,113,1,EN VIVO,2024-02-04T22:17:54.685906,
460cdf41-11bd-4dcf-8430-692954ca9574,113,2,EN VIVO,2024-02-13T23:23:39.478461,
2893cb1f-d18f-44b7-9747-fbc14a04a464,113,3,EN VIVO,2024-02-22T13:45:21.445795,
bf35062f-147a-4777-9ff2-14e70428f0b6,113,4,EN VIVO,2024-02-29T15:18:25.104400,
a00ed633-c393-4bb0-a73f-230539edefb5,113,5,GRABACIÓN,2024-03-06T14:36:50.056699,
5b9389a1-3f30-4d4a-8758-b43c3a0f571f,113,6,EN VIVO,2024-03-16T07:32:31.050469,
863f8089-0fc9-4cd5-9d64-0f0678da8844,113,7,GRABACIÓN,2024-03-25T21:13:43.524632,
36450591-fe32-427e-bb54-a0b0e3bbb78b,113,8,SIN ASISTENCIA,2024-04-01T23:02:11.042623,
7f2f1b39-bbc3-4332-a5aa-09484f7ec055,114,1,EN VIVO,2024-02-03T19:05:44.652591,
644d1bdf-3e4d-4828-badb-1aba95ebeec6,114,2,EN VIVO,2024-02-12T05:33:46.576164,
3e778463-2cc0-44b2-967d-504150ebbd0b,114,3,GRABACIÓN,2024-02-21T07:16:46.083976,
ed5d21b8-896d-4b0a-a942-8e1f1ec622b4,114,4,SIN ASISTENCIA,2024-02-29T19:53:21.674701,
f8311c26-e534-4919-bcf7-0a887283bb15,114,5,SIN ASISTENCIA,2024-03-08T04:50:35.154063,
4e69de34-0fa9-46b4-868e-9f48d997b4b5,114,6,SIN ASISTENCIA,2024-03-16T04:45:28.978732,
7ecbe39d-31a6-4444-bbbf-ea60153f0812,114,7,SIN ASISTENCIA,2024-03-22T21:24:06.812882,
34e3f050-62e1-4ef3-bfbe-7a602d9d5b20,114,8,GRABACIÓN,2024-04-01T06:02:26.513192,
e0435126-d457-4c49-999d-7a5c1e07b843,115,1,EN VIVO,2024-02-04T10:42:28.164267,
d6ce7bed-71f4-42f1-8f9f-fbe2cb1652c5,115,2,EN VIVO,2024-02-13T20:58:28.643373,
1445c50d-698a-46b4-bf3e-260d0f6ee07a,115,3,EN VIVO,2024-02-19T23:16:46.381437,
64ae9560-d0d3-4f53-a73a-cf039db9fca5,115,4,SIN ASISTENCIA,2024-03-01T07:59:02.632223,
64d7c5e3-e274-481f-81bd-02b40326c4a3,115,5,EN VIVO,2024-03-09T06:18:25.986125,
1f9f1b10-5185-4cd1-8a45-d8923426a35a,115,6,SIN ASISTENCIA,2024-03-17T17:44:24.195205,
27ef52e9-aa43-477b-948a-de27de5de29f,115,7,EN VIVO,2024-03-24T13:21:55.854843,
8f138b06-9b3f-4a2a-9efe-0e5e4be5aae8,115,8,SIN ASISTENCIA,2024-03-30T23:17:25.885374,
00190011-6afd-4b74-a06f-024b8960f11d,116,1,GRABACIÓN,2024-02-06T06:39:40.626470,
810e02d5-1aac-4add-96fa-c617de6a1832,116,2,EN VIVO,2024-02-11T07:21:21.771434,
79c7fe5b-4f9a-46ba-b6e2-3467d3125d58,116,3,EN VIVO,2024-02-20T07:36:43.120925,
e3c22022-5538-4b41-a071-2e567a94cfb5,116,4,GRABACIÓN,2024-03-02T00:17:16.704766,
e54f8ff7-c5f6-477b-823e-8a11c7448931,116,5,GRABACIÓN,2024-03-10T03:13:57.959445,
1e24e353-da40-4f46-9429-6c09ffe481bc,116,6,EN VIVO,2024-03-16T16:14:49.915175,
75e33919-67a7-4d21-b569-a4e4d4804556,116,7,EN VIVO,2024-03-22T14:12:54.593040,
fa5cbd5d-000f-4744-9792-76f15fa9217b,116,8,SIN ASISTENCIA,2024-04-02T23:52:57.253821,
c9683c11-1ad0-49eb-880b-d0aad6f2603a,117,1,EN VIVO,2024-02-05T15:26:59.444430,
27627707-e81c-4ebc-a233-c4ea70cc857d,117,2,EN VIVO,2024-02-12T23:34:16.122218,
bc65b4a9-c712-4d51-a096-6e416c037730,117,3,EN VIVO,2024-02-21T03:02:35.533032,
4fbdc2de-8864-4f1d-8c4d-12621888a95f,117,4,GRABACIÓN,2024-03-01T00:13:10.946480,
70f77944-4dec-4108-a578-86ba6222f484,117,5,SIN ASISTENCIA,2024-03-09T02:02:06.795918,
5d8fb3e6-7c1d-4ad2-8ad7-20ef0569629d,117,6,EN VIVO,2024-03-16T21:55:57.752673,
18517c20-9da9-40d4-9470-bc5f9308b6d7,117,7,GRABACIÓN,2024-03-25T09:37:34.120596,
398dfbc0-da0b-4fdf-aec9-26f971b05b09,117,8,EN VIVO,2024-04-02T09:37:31.782368,
3b150a2c-9200-44a1-ac00-3ebbc369dbc0,118,1,EN VIVO,2024-02-06T00:48:58.217774,
31bd1079-84c5-49e6-87c8-abc22aaf2f24,118,2,EN VIVO,2024-02-15T10:09:50.273530,
5335b26f-4bb9-4bbc-80c7-c4a3137aa032,118,3,GRABACIÓN,2024-02-22T22:43:30.612945,
cfef2c11-702e-43a6-b7e4-0ddda8b3a02a,118,4,GRABACIÓN,2024-02-27T13:14:47.569156,
95abf7fe-1fc8-4434-a1bd-8d4fab60be9e,118,5,GRABACIÓN,2024-03-08T18:14:26.154757,
f0b78e1f-e4c3-4f60-84ed-368ffbe9c117,118,6,SIN ASISTENCIA,2024-03-16T22:21:54.530461,
0faafa31-d318-4900-8ef7-97860a4e2149,118,7,GRABACIÓN,2024-03-25T21:04:04.794930,
eaf5c49b-2e2e-47ee-89c5-0b54dc0a009e,118,8,GRABACIÓN,2024-04-02T00:36:24.483185,
9a8eb48e-e119-4d6b-82c7-45d574a1dc62,119,1,GRABACIÓN,2024-02-06T12:06:58.843729,
c10463be-8176-4696-b119-d3b1540ab1cd,119,2,EN VIVO,2024-02-12T19:24:30.421909,
3f951a59-4589-462b-9c44-ed936caad5ff,119,3,GRABACIÓN,2024-02-21T12:25:17.393653,
6e684218-642e-44e2-a4a1-04cf56435126,119,4,EN VIVO,2024-02-28T23:06:20.935837,
5db636ce-d861-490d-a6f3-c91654a8ce19,119,5,GRABACIÓN,2024-03-08T02:07:41.940542,
0a0a6f0d-a939-459e-aaf3-e0f534dfb4ff,119,6,SIN ASISTENCIA,2024-03-14T17:47:51.544159,
a092e5e5-1f19-4336-8c5c-b9e0a02b51e5,119,7,SIN ASISTENCIA,2024-03-23T22:56:13.244565,
a9d23c27-50ae-4333-b7d5-61539c3fde87,119,8,EN VIVO,2024-04-02T16:39:41.824296,
3a67ce01-ea1a-4c54-a26e-7d2269a9fb9b,120,1,EN VIVO,2024-02-04T21:44:21.755926,
aabc3b99-bbac-4de9-903e-5ec8ce22fdfe,120,2,EN VIVO,2024-02-12T21:37:02.242595,
22321fda-494f-4d79-840d-e8726edcb246,120,3,EN VIVO,2024-02-21T06:54:17.006000,
b6dcc746-a521-4336-861e-aa67ef470349,120,4,EN VIVO,2024-02-27T08:22:19.539104,
fd2d2385-9663-4ad0-bfe8-0347e76f65c1,120,5,GRABACIÓN,2024-03-09T14:32:48.292675,
e1c3ee3f-8382-40b3-9ac9-674cf04d9ec0,120,6,SIN ASISTENCIA,2024-03-14T13:15:16.153491,
3165f8cf-1516-4883-aff5-5321d66c9f9f,120,7,SIN ASISTENCIA,2024-03-23T13:23:11.721871,
893da9e0-9320-44ec-abe0-4ce66936e3ae,120,8,SIN ASISTENCIA,2024-03-29T22:51:19.907394,
